Restaurant_Number,Page_Views,Calls,Reservations,Stars_PreExperiment,Chain,Treatment_Arm
1,347,57,48,5,0,0
2,138,26,26,4.5,0,1
3,523,77,67,5,0,2
4,111,7,23,3.5,0,2
5,313,26,32,4,0,1
6,530,53,32,4.5,1,2
7,224,2,20,3,0,1
8,547,44,50,4.5,0,0
9,291,21,11,4,1,2
10,579,44,30,4,1,2
11,387,37,41,4.5,0,0
12,112,11,22,4,0,0
13,585,53,52,4.5,0,1
14,257,26,39,4.5,0,2
15,289,7,26,3.5,0,0
16,394,29,18,4,1,2
17,470,12,32,2.5,0,1
18,406,35,38,4.5,0,1
19,415,45,43,4.5,0,1
20,149,7,13,2.5,0,0
21,166,14,31,4,0,2
22,541,34,52,4,0,2
23,466,36,44,4.5,0,0
24,578,67,59,5,0,0
25,599,70,61,5,0,0
26,205,10,25,4,0,0
27,478,49,46,4.5,0,1
28,349,25,33,4,0,1
29,1,0,0,3,0,0
30,388,4,26,2.5,0,1
31,145,14,30,4,0,2
32,608,36,31,4,1,0
33,414,23,43,3.5,0,2
34,338,21,31,4,0,1
35,353,15,32,3.5,0,0
36,465,47,28,4.5,1,1
37,453,39,24,4.5,1,1
38,11,2,9,2,0,2
39,226,5,30,3.5,0,2
40,666,54,37,4.5,1,1
41,299,26,40,4,0,2
42,34,4,23,4,0,2
43,510,22,40,3.5,0,0
44,344,33,38,4.5,0,0
45,610,59,58,4.5,0,0
46,210,32,33,4.5,0,0
47,199,29,38,4.5,0,2
48,371,29,35,4,0,1
49,348,38,46,4.5,0,2
50,110,7,18,2.5,0,2
51,356,38,38,4.5,0,1
52,376,42,49,4.5,0,2
53,647,24,25,2.5,1,2
54,636,73,46,5,1,0
55,552,35,52,4,0,2
56,249,8,5,3.5,1,2
57,349,41,39,4.5,0,1
58,274,8,24,3.5,0,1
59,143,15,31,4,0,2
60,528,57,60,4.5,0,2
61,679,75,72,5,0,2
62,500,54,58,4.5,0,2
63,449,65,51,5,0,1
64,188,7,23,3.5,0,0
65,247,2,22,3,0,0
66,244,17,35,4,0,2
67,155,0,19,3.5,0,0
68,537,64,63,5,0,2
69,262,23,38,4,0,2
70,227,12,24,4,0,1
71,623,34,28,3.5,1,1
72,317,22,33,4,0,0
73,491,55,31,5,1,2
74,439,32,41,4,0,0
75,448,35,49,4,0,2
76,342,15,29,3.5,0,1
77,359,0,1,2,1,1
78,210,2,24,2.5,0,2
79,155,1,6,2,0,1
80,570,43,56,4,0,2
81,407,39,40,4.5,0,1
82,192,7,17,3,0,1
83,588,37,28,4,1,1
84,657,57,56,4.5,0,1
85,138,8,18,3.5,0,0
86,226,8,19,3,0,1
87,39,12,26,4.5,0,2
88,339,29,36,4.5,0,0
89,212,25,31,4.5,0,0
90,86,19,30,4.5,0,2
91,405,28,36,4,0,1
92,365,30,44,4,0,2
93,168,3,27,3.5,0,2
94,320,32,34,4.5,0,1
95,469,36,50,4,0,2
96,58,1,20,3.5,0,2
97,485,56,52,5,0,0
98,248,7,18,2.5,0,1
99,162,6,24,3,0,2
100,452,46,47,4.5,0,0
101,386,13,29,3,0,1
102,124,6,18,4,0,1
103,107,0,10,2.5,0,1
104,466,56,58,5,0,2
105,439,28,37,4,0,1
106,293,18,11,4,1,1
107,82,4,13,3.5,0,1
108,388,3,3,2,1,1
109,269,17,27,4,0,1
110,291,32,42,4.5,0,2
111,196,3,15,2,0,2
112,267,14,34,3.5,0,2
113,540,43,49,4.5,0,0
114,96,0,8,2.5,0,1
115,525,61,53,5,0,1
116,186,2,15,3,0,1
117,566,32,43,3.5,0,1
118,330,29,42,4,0,2
119,588,56,38,4.5,1,0
120,367,27,37,4,0,0
121,329,40,38,4.5,0,1
122,421,40,43,4.5,0,0
123,118,16,30,4.5,0,2
124,270,0,28,2.5,0,2
125,62,18,23,4.5,0,0
126,161,37,33,5,0,0
127,505,30,43,4,0,0
128,380,19,40,3.5,0,2
129,869,54,44,4,1,1
130,710,57,60,4.5,0,0
131,123,4,17,2.5,0,2
132,446,55,50,5,0,0
133,351,29,34,4,0,1
134,140,10,29,4,0,2
135,576,84,48,5,1,0
136,316,1,30,2.5,0,2
137,447,19,43,3.5,0,2
138,140,6,23,3,0,2
139,54,13,20,4.5,0,0
140,399,39,40,4.5,0,1
141,301,40,37,4.5,0,1
142,82,0,10,3,0,1
143,199,12,31,4,0,2
144,468,42,26,4.5,1,1
145,418,45,52,4.5,0,2
146,492,48,46,4.5,0,1
147,308,4,7,2.5,1,0
148,22,1,11,4,0,1
149,292,33,16,4.5,1,2
150,389,19,15,3.5,1,1
151,436,20,16,3.5,1,2
152,121,3,15,3,0,0
153,6,5,1,5,1,2
154,273,9,33,3.5,0,2
155,86,14,28,4.5,0,2
156,445,54,56,5,0,2
157,510,57,59,5,0,2
158,316,4,31,2.5,0,2
159,808,59,44,4,1,2
160,14,1,3,2,0,2
161,181,12,25,4,0,0
162,279,15,26,3.5,0,1
163,3,2,2,3.5,0,1
164,503,64,62,5,0,2
165,568,62,57,5,0,0
166,386,46,42,4.5,0,1
167,588,50,60,4.5,0,2
168,174,22,25,4.5,0,1
169,75,6,2,2,0,1
170,173,3,18,3.5,0,1
171,67,4,16,2.5,0,2
172,328,42,47,4.5,0,2
173,539,22,23,3,1,0
174,202,3,22,3.5,0,0
175,398,37,48,4.5,0,2
176,3,2,2,2,0,2
177,283,47,42,5,0,0
178,157,3,26,3.5,0,2
179,47,3,11,3,0,0
180,160,12,24,4,0,0
181,613,52,61,4.5,0,2
182,134,13,23,4,0,0
183,215,4,18,3,0,1
184,354,35,39,4.5,0,0
185,432,48,45,4.5,0,1
186,620,66,66,5,0,2
187,371,39,39,4.5,0,1
188,158,6,17,3,0,0
189,456,46,53,4.5,0,2
190,622,57,36,4.5,1,2
191,407,35,41,4.5,0,0
192,543,53,50,4.5,0,1
193,324,7,28,3,0,0
194,378,29,44,4,0,2
195,8,1,7,3.5,0,0
196,757,72,47,5,1,1
197,231,7,22,3.5,0,1
198,6,2,5,3.5,0,0
199,213,25,31,4.5,0,0
200,72,5,9,3,0,1
201,389,41,49,4.5,0,2
202,74,0,14,3.5,0,0
203,534,29,43,3.5,0,0
204,264,9,25,2.5,0,2
205,338,14,37,3.5,0,2
206,334,28,19,4.5,1,0
207,152,8,19,4,0,1
208,2,1,1,4,0,1
209,274,25,33,4.5,0,0
210,483,31,48,4,0,2
211,491,30,48,3.5,0,2
212,361,17,12,3.5,1,2
213,14,2,9,3,0,0
214,154,3,27,3.5,0,2
215,642,73,64,5,0,0
216,155,13,30,4,0,2
217,415,55,49,5,0,0
218,490,74,56,5,0,1
219,439,29,19,4,1,2
220,78,11,21,4.5,0,0
221,291,15,36,3.5,0,2
222,397,5,9,2.5,1,0
223,6,5,1,2.5,0,0
224,634,52,35,4.5,1,1
225,216,5,13,2.5,0,1
226,320,36,45,4.5,0,2
227,243,7,19,3,0,1
228,416,42,44,4.5,0,0
229,423,31,40,4,0,0
230,296,33,43,4.5,0,2
231,256,12,33,3.5,0,2
232,12,9,11,3.5,0,2
233,182,15,32,4,0,2
234,186,2,24,2.5,0,2
235,206,5,2,2,1,0
236,359,22,14,4,1,2
237,492,35,50,4,0,2
238,281,24,33,4,0,0
239,503,62,61,5,0,2
240,120,13,6,4.5,1,0
241,326,27,36,4.5,0,0
242,783,48,39,4,1,1
243,481,40,25,4.5,1,2
244,170,17,32,4,0,2
245,484,48,46,4.5,0,1
246,364,12,11,3.5,1,1
247,169,8,16,2.5,0,0
248,433,16,35,3,0,0
249,483,54,48,5,0,1
250,414,55,46,5,0,1
251,180,5,28,3.5,0,2
252,119,5,18,2.5,0,2
253,360,56,45,5,0,1
254,406,17,14,3.5,1,2
255,409,22,37,3.5,0,0
256,540,59,52,5,0,1
257,429,39,41,4.5,0,1
258,355,16,29,3.5,0,1
259,234,24,29,4.5,0,1
260,193,9,21,3.5,0,1
261,458,29,38,4,0,1
262,149,3,18,3.5,0,0
263,438,7,29,2.5,0,1
264,530,40,45,4,0,1
265,548,55,34,5,1,1
266,275,29,32,4.5,0,1
267,232,5,21,3.5,0,1
268,351,23,32,4,0,1
269,379,11,31,3,0,0
270,297,21,32,4,0,0
271,5,4,4,3.5,0,1
272,243,11,6,3.5,1,2
273,310,17,31,4,0,0
274,57,4,4,2.5,0,1
275,221,7,30,3.5,0,2
276,375,28,20,4,1,0
277,5,4,2,2,0,1
278,407,17,32,3.5,0,1
279,414,24,37,4,0,0
280,157,4,18,3.5,0,1
281,39,6,5,2.5,0,1
282,145,20,24,4.5,0,1
283,264,12,28,3.5,0,0
284,206,15,24,4,0,1
285,406,18,14,3.5,1,2
286,38,21,29,4.5,0,2
287,342,1,5,2.5,1,2
288,328,34,21,4.5,1,0
289,2,1,1,3.5,0,0
290,385,17,31,3.5,0,1
291,401,32,40,4,0,0
292,89,5,20,3,0,2
293,307,32,34,4.5,0,1
294,52,10,26,4,0,2
295,317,27,41,4,0,2
296,171,2,19,3,0,0
297,301,24,33,4,0,0
298,218,7,30,3.5,0,2
299,376,36,38,4.5,0,1
300,444,38,44,4.5,0,0
301,97,8,1,3,1,0
302,483,20,35,3,0,1
303,328,43,48,4.5,0,2
304,203,27,31,4.5,0,0
305,414,37,49,4.5,0,2
306,261,45,37,5,0,1
307,752,58,44,4.5,1,0
308,231,30,33,4.5,0,0
309,536,21,38,3,0,1
310,470,36,24,4.5,1,1
311,178,5,17,3,0,1
312,56,1,6,2,0,2
313,9,3,8,4,0,0
314,173,23,35,4.5,0,2
315,465,25,40,3.5,0,0
316,292,41,46,4.5,0,2
317,355,43,40,4.5,0,1
318,469,55,51,5,0,0
319,333,49,41,5,0,1
320,232,46,46,5,0,2
321,264,14,26,3.5,0,1
322,291,44,47,5,0,2
323,496,53,51,4.5,0,0
324,396,48,46,5,0,0
325,428,48,53,4.5,0,2
326,170,24,29,4.5,0,0
327,224,9,3,3,1,0
328,336,42,41,4.5,0,0
329,76,5,15,2.5,0,2
330,466,15,16,3,1,1
331,349,12,36,3,0,2
332,274,3,20,2.5,0,1
333,441,60,58,5,0,2
334,54,15,22,4.5,0,0
335,128,9,17,3.5,0,0
336,266,11,27,3.5,0,0
337,441,46,44,4.5,0,1
338,546,49,34,4.5,1,0
339,378,17,31,3.5,0,1
340,434,49,47,4.5,0,0
341,421,29,37,4,0,1
342,445,45,53,4.5,0,2
343,334,4,33,3,0,2
344,321,20,39,4,0,2
345,117,18,25,4.5,0,0
346,413,31,46,4,0,2
347,388,12,29,3,0,1
348,125,7,16,3,0,0
349,425,32,47,4,0,2
350,71,6,18,3,0,2
351,12,1,11,3.5,0,2
352,255,2,21,3,0,1
353,472,48,46,4.5,0,1
354,18,0,6,2.5,0,2
355,3,2,2,2,0,2
356,219,10,25,3.5,0,0
357,375,44,41,4.5,0,1
358,522,46,47,4.5,0,1
359,454,72,54,5,0,1
360,281,21,32,4,0,0
361,175,2,18,3.5,0,1
362,590,76,69,5,0,2
363,850,92,58,5,1,2
364,161,28,36,4.5,0,2
365,267,8,32,3.5,0,2
366,478,33,43,4,0,0
367,137,12,20,4,0,1
368,390,34,40,4.5,0,0
369,284,29,32,4.5,0,1
370,576,54,61,4.5,0,2
371,258,40,38,5,0,0
372,209,43,38,5,0,0
373,398,33,46,4,0,2
374,295,39,39,4.5,0,0
375,262,2,20,3,0,1
376,392,33,46,4.5,0,2
377,426,57,56,5,0,2
378,6,3,5,3,0,0
379,172,26,36,4.5,0,2
380,124,10,22,4,0,0
381,395,44,44,4.5,0,0
382,304,18,28,4,0,1
383,471,24,39,3.5,0,0
384,722,46,56,4,0,0
385,361,45,43,5,0,0
386,180,8,23,4,0,0
387,340,45,49,5,0,2
388,304,5,24,3,0,1
389,334,18,39,3.5,0,2
390,291,5,32,3,0,2
391,63,4,17,2.5,0,2
392,583,47,31,4.5,1,2
393,69,1,9,3,0,1
394,373,16,39,3.5,0,2
395,212,2,25,2.5,0,2
396,491,63,35,5,1,1
397,293,1,24,2.5,0,0
398,209,11,23,4,0,1
399,461,24,19,3.5,1,1
400,212,4,25,2.5,0,2
401,494,27,24,3.5,1,0
402,225,18,29,4,0,0
403,380,45,44,4.5,0,0
404,332,10,35,3,0,2
405,330,5,25,3,0,1
406,58,6,0,2,0,1
407,268,14,34,3.5,0,2
408,315,21,30,4,0,1
409,294,9,21,2.5,0,1
410,465,36,44,4.5,0,0
411,345,13,37,3.5,0,2
412,73,2,9,2.5,0,0
413,190,9,17,3,0,1
414,420,55,47,5,0,1
415,277,14,29,3.5,0,0
416,502,37,28,4,1,0
417,424,42,45,4.5,0,0
418,8,7,6,2.5,0,0
419,175,6,28,3.5,0,2
420,517,39,53,4,0,2
421,545,54,60,4.5,0,2
422,165,7,17,3,0,0
423,412,39,43,4.5,0,0
424,317,0,30,2.5,0,2
425,213,20,26,4,0,1
426,270,14,26,3.5,0,1
427,156,2,20,3.5,0,0
428,515,51,30,4.5,1,2
429,206,10,22,3.5,0,1
430,490,69,57,5,0,0
431,86,12,21,4.5,0,0
432,172,5,22,3.5,0,0
433,274,32,36,4.5,0,0
434,233,13,24,4,0,1
435,305,21,30,4,0,1
436,44,2,8,3,0,1
437,84,4,17,2.5,0,2
438,325,15,13,3.5,1,0
439,668,43,33,4,1,2
440,280,22,32,4,0,0
441,355,18,33,3.5,0,0
442,450,24,36,3.5,0,1
443,206,4,18,2.5,0,0
444,345,5,3,2.5,1,1
445,494,49,56,4.5,0,2
446,279,32,42,4.5,0,2
447,673,75,72,5,0,2
448,238,16,34,4,0,2
449,295,42,40,5,0,0
450,240,17,35,4,0,2
451,244,21,30,4,0,0
452,246,28,30,4.5,0,1
453,221,8,18,3,0,1
454,83,3,21,3.5,0,2
455,364,42,42,4.5,0,0
456,249,2,30,3,0,2
457,424,43,45,4.5,0,0
458,36,1,13,3.5,0,0
459,307,24,31,4,0,1
460,205,17,33,4,0,2
461,632,59,58,4.5,0,0
462,293,31,42,4.5,0,2
463,19,1,18,4,0,2
464,163,9,26,3.5,0,2
465,414,39,43,4.5,0,0
466,363,19,40,3.5,0,2
467,345,45,49,4.5,0,2
468,145,18,23,4.5,0,1
469,427,39,50,4.5,0,2
470,185,2,27,3.5,0,2
471,256,1,29,3,0,2
472,234,2,29,3,0,2
473,418,9,29,2.5,0,1
474,482,33,22,4,1,2
475,514,19,39,3,0,0
476,156,9,20,4,0,1
477,429,31,40,4,0,0
478,534,39,47,4,0,0
479,140,26,26,4.5,0,1
480,174,18,27,4.5,0,0
481,299,26,34,4.5,0,0
482,245,22,31,4.5,0,0
483,556,26,43,3.5,0,0
484,471,47,48,4.5,0,0
485,296,16,30,4,0,0
486,176,8,20,3.5,0,0
487,245,20,36,4,0,2
488,174,9,30,4,0,2
489,6,3,5,3.5,0,0
490,240,21,30,4,0,0
491,277,7,24,3,0,0
492,368,37,47,4.5,0,2
493,103,22,23,4.5,0,1
494,429,33,47,4,0,2
495,313,14,27,3.5,0,1
496,95,2,23,3.5,0,2
497,287,17,27,4,0,1
498,334,22,40,4,0,2
499,328,52,42,5,0,1
500,541,70,42,5,1,0
501,139,16,31,4,0,2
502,358,25,33,4,0,1
503,150,5,27,3.5,0,2
504,239,32,32,4.5,0,1
505,422,42,24,4.5,1,2
506,126,10,28,4,0,2
507,244,25,32,4.5,0,0
508,391,12,38,3,0,2
509,469,26,22,3.5,1,0
510,259,24,29,4.5,0,1
511,190,2,16,3,0,1
512,406,40,49,4.5,0,2
513,393,46,51,4.5,0,2
514,704,78,65,5,0,1
515,260,18,12,4,1,0
516,283,4,12,2,0,1
517,470,31,42,4,0,0
518,391,59,50,5,0,0
519,357,45,43,5,0,0
520,460,45,44,4.5,0,1
521,497,17,35,3,0,1
522,209,31,39,4.5,0,2
523,320,35,36,4.5,0,1
524,345,30,34,4.5,0,1
525,85,8,9,2.5,0,0
526,298,19,37,4,0,2
527,96,0,12,2.5,0,0
528,120,11,22,4,0,0
529,528,66,57,5,0,0
530,202,3,22,3.5,0,0
531,6,3,5,3,0,2
532,523,39,47,4,0,0
533,206,12,26,4,0,0
534,352,20,34,4,0,0
535,397,32,40,4.5,0,0
536,202,9,16,2.5,0,0
537,119,4,18,3.5,0,0
538,421,39,43,4.5,0,0
539,423,57,50,5,0,0
540,336,22,13,4,1,2
541,511,54,52,4.5,0,0
542,386,14,30,3.5,0,1
543,141,10,20,4,0,1
544,213,4,16,2.5,0,1
545,8,1,0,2,0,0
546,530,37,26,4,1,1
547,374,12,14,3.5,1,0
548,331,34,45,4.5,0,2
549,333,28,33,4,0,1
550,488,53,48,4.5,0,1
551,222,12,26,4,0,0
552,424,17,15,3.5,1,1
553,169,9,22,2.5,0,2
554,417,40,41,4.5,0,1
555,127,8,19,4,0,1
556,477,35,41,4,0,1
557,450,51,31,5,1,0
558,383,22,35,4,0,0
559,534,45,56,4.5,0,2
560,191,7,25,3,0,2
561,193,4,22,3.5,0,0
562,160,0,17,3,0,0
563,12,8,2,2.5,0,0
564,518,31,50,3.5,0,2
565,221,17,25,4,0,1
566,434,7,11,2.5,1,1
567,337,29,43,4,0,2
568,263,34,36,4.5,0,0
569,227,39,37,5,0,0
570,369,41,42,4.5,0,0
571,235,22,28,4.5,0,1
572,481,19,20,3.5,1,0
573,607,46,52,4.5,0,0
574,371,45,50,4.5,0,2
575,113,2,25,3.5,0,2
576,425,58,48,5,0,1
577,274,11,28,3.5,0,0
578,583,48,50,4.5,0,1
579,693,68,46,5,1,0
580,328,9,35,3,0,2
581,618,36,28,3.5,1,2
582,397,31,37,4,0,1
583,257,7,25,3.5,0,0
584,576,49,59,4.5,0,2
585,182,11,25,4,0,0
586,228,25,31,4.5,0,0
587,417,23,34,3.5,0,1
588,10,8,4,2,0,2
589,295,12,26,3.5,0,1
590,652,72,70,5,0,2
591,203,5,19,3,0,0
592,16,5,10,3,0,0
593,316,3,26,3,0,0
594,277,33,42,4.5,0,2
595,342,23,35,4,0,0
596,254,1,23,3,0,0
597,277,24,39,4,0,2
598,10,9,1,5,1,0
599,178,6,20,3.5,0,1
600,12,11,11,4.5,0,2
601,101,1,18,3.5,0,0
602,218,3,20,3,0,0
603,14,4,6,3,0,2
604,587,75,60,5,0,1
605,318,8,28,3.5,0,0
606,570,33,26,3.5,1,2
607,20,5,10,2.5,0,2
608,251,37,34,4.5,0,1
609,410,53,45,5,0,1
610,702,82,69,5,0,0
611,169,13,22,4,0,1
612,645,77,72,5,0,2
613,165,3,27,3.5,0,2
614,289,52,44,5,0,0
615,186,0,13,2.5,0,1
616,238,6,24,3.5,0,0
617,577,61,57,5,0,0
618,356,34,39,4.5,0,0
619,471,33,43,4,0,0
620,391,50,46,5,0,0
621,315,12,26,3.5,0,1
622,68,0,4,2,0,0
623,397,39,49,4.5,0,2
624,414,33,23,4.5,1,0
625,455,47,54,4.5,0,2
626,96,5,13,3.5,0,1
627,354,19,31,3.5,0,1
628,318,46,43,5,0,0
629,241,4,30,3,0,2
630,356,29,43,4,0,2
631,362,46,41,5,0,1
632,87,9,6,2.5,0,1
633,12,2,7,3,0,1
634,315,22,30,4,0,1
635,479,42,44,4.5,0,1
636,39,12,20,4.5,0,0
637,351,11,36,3,0,2
638,295,21,30,4,0,1
639,463,30,41,4,0,0
640,395,30,36,4,0,1
641,149,4,17,3,0,0
642,262,23,29,4,0,1
643,523,45,55,4.5,0,2
644,364,55,47,5,0,0
645,150,3,17,3,0,0
646,310,9,34,3,0,2
647,31,8,10,3,0,0
648,429,55,47,5,0,1
649,303,8,34,3,0,2
650,304,7,27,3,0,0
651,674,56,41,4.5,1,0
652,120,16,24,4.5,0,0
653,483,62,51,5,0,1
654,475,44,53,4.5,0,2
655,296,30,36,4.5,0,0
656,5,4,2,3.5,0,1
657,470,54,30,5,1,2
658,19,3,2,2,0,1
659,321,13,27,3.5,0,1
660,154,0,15,3,0,1
661,118,8,22,3,0,2
662,508,31,43,4,0,0
663,469,22,18,3.5,1,2
664,402,11,32,3,0,0
665,36,7,14,2.5,0,2
666,302,18,37,4,0,2
667,590,46,32,4.5,1,1
668,276,44,40,5,0,0
669,248,28,30,4.5,0,1
670,307,11,35,3.5,0,2
671,238,4,30,3,0,2
672,162,1,20,3.5,0,0
673,431,33,39,4,0,1
674,557,32,43,3.5,0,1
675,501,47,55,4.5,0,2
676,217,4,11,2,0,1
677,219,8,17,2.5,0,1
678,283,5,26,3,0,0
679,6,3,2,2.5,0,1
680,333,26,35,4,0,0
681,465,31,48,4,0,2
682,350,22,41,4,0,2
683,582,23,23,3,1,1
684,12,1,8,3.5,0,2
685,69,4,17,3,0,2
686,398,16,14,3.5,1,1
687,487,38,51,4,0,2
688,525,57,34,5,1,1
689,1,0,0,2.5,0,0
690,434,22,37,3.5,0,0
691,469,40,52,4.5,0,2
692,341,49,42,5,0,1
693,3,2,1,2,0,0
694,198,44,44,5,0,2
695,89,0,22,3.5,0,2
696,577,57,53,4.5,0,1
697,681,54,58,4.5,0,0
698,604,9,21,2.5,1,0
699,189,20,25,4.5,0,1
700,159,27,36,4.5,0,2
701,161,14,25,4,0,0
702,297,4,26,3,0,0
703,561,28,24,3.5,1,2
704,184,4,17,3,0,1
705,368,39,41,4.5,0,0
706,279,20,31,4,0,0
707,239,20,30,4,0,0
708,339,9,35,3,0,2
709,537,32,44,4,0,0
710,337,43,42,5,0,0
711,426,42,51,4.5,0,2
712,404,38,40,4.5,0,1
713,220,32,34,4.5,0,0
714,347,23,17,4,1,0
715,106,3,15,3.5,0,1
716,501,52,51,4.5,0,0
717,238,21,30,4.5,0,0
718,68,1,20,3,0,2
719,3,2,2,2.5,0,2
720,460,53,47,5,0,1
721,610,43,49,4,0,1
722,397,21,42,3.5,0,2
723,380,17,31,3.5,0,1
724,343,63,47,5,0,1
725,214,16,27,4,0,0
726,318,0,21,2.5,0,1
727,182,2,26,3,0,2
728,284,1,21,3,0,1
729,279,22,29,4,0,1
730,196,18,34,4,0,2
731,77,0,13,3,0,0
732,266,37,37,4.5,0,0
733,348,18,30,3.5,0,1
734,304,13,36,3.5,0,2
735,437,9,30,2.5,0,1
736,112,7,17,2.5,0,2
737,14,0,2,2,0,0
738,381,56,54,5,0,2
739,281,16,9,4,1,1
740,183,5,19,3.5,0,1
741,411,32,38,4,0,1
742,511,39,52,4,0,2
743,546,24,24,3.5,1,0
744,246,3,0,2,1,0
745,479,43,26,4.5,1,2
746,535,56,33,4.5,1,2
747,266,16,26,4,0,1
748,460,30,47,4,0,2
749,454,20,17,3.5,1,2
750,363,18,33,3.5,0,0
751,432,27,22,4,1,0
752,478,39,43,4.5,0,1
753,326,43,41,5,0,0
754,60,9,21,3.5,0,2
755,86,2,12,3.5,0,1
756,553,74,58,5,0,1
757,729,48,55,4,0,1
758,237,2,18,2.5,0,0
759,604,39,47,4,0,1
760,671,70,61,5,0,1
761,575,48,58,4.5,0,2
762,369,42,49,4.5,0,2
763,181,2,21,3.5,0,0
764,486,31,43,4,0,0
765,121,9,19,2.5,0,2
766,319,6,33,3,0,2
767,133,0,10,2.5,0,1
768,318,28,33,4.5,0,1
769,392,12,29,3,0,1
770,5,3,1,2,0,0
771,431,23,44,3.5,0,2
772,417,20,16,3.5,1,1
773,7,2,6,4.5,0,0
774,238,8,24,2.5,0,2
775,345,33,38,4.5,0,0
776,441,46,26,4.5,1,2
777,214,4,23,3.5,0,0
778,526,64,62,5,0,2
779,504,32,41,4,0,1
780,118,6,20,4,0,0
781,3,2,2,3.5,0,2
782,92,6,20,3,0,2
783,120,5,17,3.5,0,0
784,10,5,3,2,0,2
785,3,2,0,2,0,2
786,393,25,19,4,1,0
787,13,12,12,4.5,0,1
788,231,8,25,3.5,0,0
789,448,18,42,3,0,2
790,192,7,25,3,0,2
791,154,0,3,2,0,1
792,447,36,49,4,0,2
793,595,38,46,4,0,1
794,455,58,52,5,0,0
795,364,26,43,4,0,2
796,183,10,21,4,0,1
797,171,6,22,3.5,0,0
798,427,42,51,4.5,0,2
799,1,0,0,2,0,0
800,275,9,33,3.5,0,2
801,281,14,35,3.5,0,2
802,338,25,33,4,0,1
803,344,48,44,5,0,0
804,256,8,26,3.5,0,0
805,177,16,23,4,0,1
806,117,31,36,5,0,2
807,394,39,39,4.5,0,1
808,69,15,28,4.5,0,2
809,2,1,1,3.5,0,2
810,417,28,36,4,0,1
811,276,3,1,2.5,1,1
812,5,4,3,2,0,2
813,527,67,55,5,0,1
814,451,51,55,4.5,0,2
815,289,25,39,4,0,2
816,547,31,51,3.5,0,2
817,467,27,47,3.5,0,2
818,147,0,25,3.5,0,2
819,298,7,33,3,0,2
820,549,40,48,4,0,0
821,119,4,17,3.5,0,0
822,7,6,3,2.5,0,1
823,388,11,29,3,0,1
824,387,9,28,3,0,1
825,119,22,26,4.5,0,0
826,701,52,55,4,0,1
827,496,34,41,4,0,1
828,225,13,33,4,0,2
829,621,45,32,4,1,2
830,255,4,24,3,0,0
831,257,41,38,5,0,0
832,394,46,51,4.5,0,2
833,634,59,56,4.5,0,1
834,555,59,38,5,1,0
835,227,7,25,3.5,0,0
836,220,40,37,5,0,0
837,181,11,24,4,0,0
838,425,44,52,4.5,0,2
839,404,46,43,4.5,0,1
840,308,45,39,5,0,1
841,17,2,3,2,0,0
842,400,23,16,4,1,1
843,650,34,29,3.5,1,1
844,260,2,1,3,1,1
845,66,1,16,3.5,0,0
846,3,1,1,2,0,0
847,816,70,49,4.5,1,1
848,417,34,47,4,0,2
849,436,13,40,3,0,2
850,265,12,34,3.5,0,2
851,205,30,32,4.5,0,0
852,99,3,4,2,0,1
853,45,4,12,2.5,0,2
854,347,16,32,3.5,0,0
855,394,23,33,3.5,0,1
856,240,3,21,3,0,1
857,91,4,4,2,0,0
858,268,35,36,4.5,0,0
859,573,52,51,4.5,0,1
860,391,22,36,4,0,0
861,188,7,20,3,0,0
862,294,29,32,4.5,0,1
863,106,2,16,3.5,0,0
864,252,36,34,4.5,0,1
865,439,3,10,2.5,1,1
866,56,7,8,3,0,1
867,88,11,27,4,0,2
868,580,55,37,4.5,1,0
869,233,9,15,2,0,0
870,56,2,6,2.5,0,0
871,250,1,23,3,0,0
872,539,46,47,4.5,0,1
873,615,36,31,4,1,0
874,342,10,30,3.5,0,0
875,7,0,6,3.5,0,2
876,159,5,16,3,0,1
877,413,48,46,4.5,0,0
878,470,46,47,4.5,0,0
879,623,43,31,4,1,2
880,284,44,47,5,0,2
881,9,4,8,4.5,0,0
882,165,0,21,2.5,0,2
883,605,55,62,4.5,0,2
884,20,9,10,2.5,0,2
885,15,5,2,2,0,1
886,407,28,45,4,0,2
887,206,15,24,4,0,1
888,589,55,55,4.5,0,0
889,260,29,40,4.5,0,2
890,165,1,15,3,0,1
891,357,23,41,4,0,2
892,312,29,36,4.5,0,0
893,14,9,10,3.5,0,1
894,325,45,25,5,1,0
895,762,51,39,4,1,2
896,555,40,28,4,1,2
897,528,61,38,5,1,0
898,167,9,16,3,0,0
899,325,2,18,2,0,1
900,389,28,35,4,0,1
901,185,9,17,2,0,2
902,501,57,59,5,0,2
903,147,28,30,4.5,0,0
904,576,45,57,4.5,0,2
905,242,43,39,5,0,0
906,347,34,39,4.5,0,0
907,220,6,25,2.5,0,2
908,760,86,53,5,1,1
909,374,38,39,4.5,0,1
910,230,2,20,3,0,0
911,330,46,40,5,0,1
912,532,46,50,4.5,0,0
913,226,13,9,4,1,0
914,227,28,32,4.5,0,0
915,352,22,32,4,0,1
916,717,71,63,5,0,1
917,94,4,14,3.5,0,1
918,361,19,16,4,1,0
919,336,25,32,4,0,1
920,452,44,52,4.5,0,2
921,573,35,53,3.5,0,2
922,327,40,47,4.5,0,2
923,225,27,32,4.5,0,0
924,294,24,31,4,0,1
925,66,2,23,4,0,2
926,423,25,38,4,0,0
927,106,5,14,3.5,0,1
928,338,24,35,4,0,0
929,348,41,42,4.5,0,0
930,447,43,28,4.5,1,0
931,554,51,50,4.5,0,1
932,671,86,76,5,0,2
933,12,9,11,2.5,0,2
934,420,20,33,3.5,0,1
935,222,35,41,4.5,0,2
936,625,38,30,4,1,1
937,408,33,47,4,0,2
938,267,12,34,3.5,0,2
939,395,49,52,5,0,2
940,412,34,38,4.5,0,1
941,282,10,27,3.5,0,0
942,534,72,57,5,0,1
943,478,35,41,4,0,1
944,491,53,51,4.5,0,0
945,170,14,31,4,0,2
946,442,34,39,4,0,1
947,344,32,35,4.5,0,1
948,289,12,29,3.5,0,0
949,215,26,31,4.5,0,0
950,590,79,64,5,0,0
951,93,3,20,3,0,2
952,98,16,21,4.5,0,1
953,372,1,27,2.5,0,0
954,360,56,48,5,0,0
955,395,20,35,3.5,0,0
956,253,42,45,5,0,2
957,309,5,6,3,1,2
958,348,37,46,4.5,0,2
959,523,53,50,4.5,0,1
960,644,69,62,5,0,0
961,187,30,32,4.5,0,0
962,1,0,0,3,0,2
963,285,42,46,5,0,2
964,276,27,34,4.5,0,0
965,448,48,48,4.5,0,0
966,171,7,29,3.5,0,2
967,303,40,46,4.5,0,2
968,623,66,58,5,0,1
969,168,5,16,2.5,0,0
970,114,2,18,3.5,0,0
971,231,37,42,4.5,0,2
972,195,8,0,2.5,1,2
973,120,7,23,3.5,0,2
974,462,52,56,4.5,0,2
975,559,64,55,5,0,1
976,469,54,48,5,0,1
977,247,11,33,3.5,0,2
978,4,2,3,4,0,0
979,423,43,45,4.5,0,0
980,16,1,13,4,0,0
981,526,56,51,4.5,0,1
982,532,41,45,4,0,1
983,553,59,62,5,0,2
984,484,45,54,4.5,0,2
985,188,5,22,3.5,0,0
986,586,76,46,5,1,0
987,740,57,67,4.5,0,2
988,285,22,32,4,0,0
989,878,90,59,5,1,1
990,17,3,1,2,0,0
991,619,36,28,3.5,1,2
992,270,6,23,3,0,1
993,318,26,35,4,0,0
994,7,6,1,2,0,0
995,217,18,28,4,0,0
996,125,38,39,5,0,2
997,230,19,35,4,0,2
998,400,26,38,4,0,0
999,547,50,32,4.5,1,1
1000,143,3,20,3.5,0,0
1001,374,34,37,4.5,0,1
1002,419,41,41,4.5,0,1
1003,266,26,33,4.5,0,0
1004,145,6,17,3,0,0
1005,412,38,40,4.5,0,1
1006,470,41,46,4.5,0,0
1007,354,43,49,4.5,0,2
1008,481,32,43,4,0,0
1009,637,68,59,5,0,1
1010,406,5,6,2.5,1,1
1011,401,51,53,5,0,2
1012,247,41,44,5,0,2
1013,156,1,20,3.5,0,0
1014,378,7,9,3,1,2
1015,136,9,2,2,0,0
1016,615,54,62,4.5,0,2
1017,904,88,59,5,1,1
1018,451,55,56,5,0,2
1019,180,25,36,4.5,0,2
1020,205,9,15,2.5,0,1
1021,290,28,34,4.5,0,0
1022,350,41,48,4.5,0,2
1023,251,12,33,3.5,0,2
1024,219,22,36,4.5,0,2
1025,60,2,11,3,0,0
1026,5,4,0,2,0,1
1027,432,26,39,4,0,0
1028,429,25,44,3.5,0,2
1029,312,8,25,3,0,1
1030,223,23,36,4.5,0,2
1031,347,20,13,4,1,2
1032,566,60,36,5,1,1
1033,532,34,42,4,0,1
1034,574,81,71,5,0,2
1035,456,56,51,5,0,0
1036,454,42,43,4.5,0,1
1037,344,29,34,4,0,1
1038,168,2,9,2,0,0
1039,282,11,25,3.5,0,1
1040,295,8,23,2.5,0,0
1041,437,39,41,4.5,0,1
1042,212,6,30,3.5,0,2
1043,4,3,3,2,0,0
1044,123,3,25,3.5,0,2
1045,408,21,36,3.5,0,0
1046,543,31,45,3.5,0,0
1047,368,13,38,3,0,2
1048,662,51,53,4.5,0,1
1049,439,37,49,4.5,0,2
1050,8,3,7,2.5,0,2
1051,803,66,47,4.5,1,1
1052,36,2,21,4,0,2
1053,484,36,42,4,0,1
1054,593,45,52,4.5,0,0
1055,6,2,5,4,0,1
1056,59,3,0,2,0,1
1057,456,37,41,4,0,1
1058,224,6,24,3.5,0,0
1059,330,35,36,4.5,0,1
1060,359,36,19,4.5,1,2
1061,330,11,9,3.5,1,1
1062,219,17,25,4,0,1
1063,359,22,34,4,0,0
1064,217,21,29,4.5,0,0
1065,283,47,48,5,0,2
1066,11,6,2,2,0,1
1067,293,21,38,4,0,2
1068,90,13,22,4.5,0,0
1069,493,35,50,4,0,2
1070,202,6,29,3.5,0,2
1071,414,27,36,4,0,1
1072,354,36,19,4.5,1,2
1073,707,62,41,4.5,1,2
1074,228,27,38,4.5,0,2
1075,364,0,22,2,0,0
1076,93,15,29,4.5,0,2
1077,313,37,36,4.5,0,1
1078,326,21,30,4,0,1
1079,389,42,43,4.5,0,0
1080,261,25,30,4.5,0,1
1081,19,5,1,2,0,0
1082,63,9,8,2.5,0,1
1083,141,0,13,3,0,1
1084,34,7,10,2,0,2
1085,484,38,51,4,0,2
1086,472,25,20,3.5,1,1
1087,411,55,49,5,0,0
1088,783,66,66,4.5,0,0
1089,17,1,4,3.5,0,0
1090,297,33,43,4.5,0,2
1091,574,48,58,4.5,0,2
1092,253,17,35,4,0,2
1093,288,18,37,4,0,2
1094,479,53,57,4.5,0,2
1095,555,61,53,5,0,1
1096,379,26,37,4,0,0
1097,367,22,35,4,0,0
1098,543,54,59,4.5,0,2
1099,184,4,19,3.5,0,1
1100,510,34,42,4,0,1
1101,220,2,19,3,0,1
1102,341,26,33,4,0,1
1103,363,53,47,5,0,0
1104,311,15,30,3.5,0,0
1105,222,18,28,4,0,0
1106,407,33,20,4,1,2
1107,191,23,36,4.5,0,2
1108,13,9,9,3,0,0
1109,539,35,43,4,0,1
1110,337,34,36,4.5,0,1
1111,236,20,36,4,0,2
1112,408,34,47,4.5,0,2
1113,396,21,35,3.5,0,0
1114,375,15,33,3.5,0,0
1115,181,35,40,5,0,2
1116,102,5,15,3,0,0
1117,75,0,14,2.5,0,2
1118,326,27,33,4,0,1
1119,406,36,39,4.5,0,1
1120,194,24,30,4.5,0,0
1121,129,7,27,4,0,2
1122,379,46,42,4.5,0,1
1123,279,7,26,3.5,0,0
1124,206,8,18,3,0,1
1125,289,5,26,2,0,2
1126,271,18,27,4,0,1
1127,365,35,37,4.5,0,1
1128,177,24,26,4.5,0,1
1129,549,51,52,4.5,0,0
1130,314,4,5,3,1,1
1131,476,38,42,4,0,1
1132,608,51,52,4.5,0,1
1133,556,31,24,3.5,1,2
1134,608,43,57,4,0,2
1135,455,25,36,3.5,0,1
1136,287,44,38,5,0,1
1137,393,48,52,4.5,0,2
1138,54,2,17,3,0,2
1139,462,28,38,4,0,1
1140,176,13,31,4,0,2
1141,389,55,48,5,0,0
1142,434,54,50,5,0,0
1143,8,6,3,5,1,2
1144,67,26,32,4.5,0,2
1145,291,6,32,3,0,2
1146,388,19,32,3.5,0,1
1147,75,2,15,3.5,0,0
1148,124,7,11,2.5,0,1
1149,381,39,48,4.5,0,2
1150,647,37,30,3.5,1,2
1151,755,65,62,4.5,0,1
1152,312,20,30,4,0,1
1153,234,30,33,4.5,0,0
1154,676,76,49,5,1,0
1155,386,42,49,4.5,0,2
1156,165,4,27,3.5,0,2
1157,770,62,44,4.5,1,1
1158,270,1,21,3,0,1
1159,301,51,50,5,0,2
1160,364,6,26,3,0,1
1161,425,36,48,4.5,0,2
1162,289,18,28,4,0,1
1163,450,51,49,5,0,0
1164,190,20,34,4.5,0,2
1165,342,44,40,4.5,0,1
1166,565,41,29,4,1,2
1167,497,57,50,5,0,1
1168,384,23,33,4,0,1
1169,191,3,22,3.5,0,0
1170,289,4,23,3,0,1
1171,485,28,41,3.5,0,0
1172,344,9,26,3,0,1
1173,408,51,54,5,0,2
1174,356,30,44,4,0,2
1175,568,55,55,4.5,0,0
1176,194,7,21,3.5,0,1
1177,132,3,12,2.5,0,1
1178,441,46,53,4.5,0,2
1179,380,16,30,3.5,0,1
1180,391,23,36,4,0,0
1181,104,3,18,2.5,0,2
1182,289,1,23,2.5,0,0
1183,376,32,45,4,0,2
1184,183,2,18,3.5,0,1
1185,17,5,4,3,0,1
1186,377,28,44,4,0,2
1187,211,3,17,3,0,1
1188,404,56,49,5,0,0
1189,419,47,52,4.5,0,2
1190,92,7,12,3,0,1
1191,354,27,42,4,0,2
1192,514,65,54,5,0,1
1193,532,50,49,4.5,0,1
1194,183,4,28,3.5,0,2
1195,380,26,34,4,0,1
1196,267,31,35,4.5,0,0
1197,273,20,11,4,1,1
1198,165,9,23,4,0,0
1199,333,4,33,3,0,2
1200,105,8,11,3,0,1
1201,358,55,47,5,0,0
1202,156,6,2,2.5,1,1
1203,532,38,53,4,0,2
1204,403,22,19,4,1,0
1205,159,18,23,4.5,0,1
1206,182,9,13,2.5,0,1
1207,436,26,45,4,0,2
1208,453,18,43,3,0,2
1209,235,5,25,2.5,0,2
1210,198,22,26,4.5,0,1
1211,147,7,28,4,0,2
1212,691,29,28,3,1,2
1213,9,5,8,4.5,0,0
1214,367,31,45,4,0,2
1215,460,60,50,5,0,1
1216,520,43,46,4.5,0,1
1217,412,47,46,4.5,0,0
1218,6,2,1,2,0,2
1219,405,6,8,2.5,1,1
1220,491,3,10,2,1,1
1221,204,2,19,3.5,0,1
1222,252,7,25,3.5,0,0
1223,273,34,42,4.5,0,2
1224,265,33,33,4.5,0,1
1225,531,29,43,3.5,0,0
1226,558,55,34,4.5,1,1
1227,158,30,31,4.5,0,0
1228,1,0,0,2,0,0
1229,290,19,37,4,0,2
1230,408,7,11,3,1,1
1231,277,29,34,4.5,0,0
1232,170,4,24,3,0,2
1233,680,52,40,4.5,1,0
1234,470,22,19,3.5,1,1
1235,485,23,46,3.5,0,2
1236,301,21,38,4,0,2
1237,229,20,36,4,0,2
1238,114,4,18,2.5,0,2
1239,408,27,44,4,0,2
1240,401,26,35,4,0,1
1241,152,3,17,3.5,0,1
1242,289,32,36,4.5,0,0
1243,196,12,31,4,0,2
1244,23,7,10,3,0,0
1245,416,22,43,3.5,0,2
1246,141,8,11,2.5,0,1
1247,7,4,3,2.5,0,1
1248,4,3,2,2.5,0,0
1249,220,17,34,4,0,2
1250,312,9,25,2.5,0,0
1251,820,73,49,4.5,1,2
1252,119,6,0,3.5,1,2
1253,339,42,41,4.5,0,0
1254,269,5,31,3,0,2
1255,208,0,2,3,1,1
1256,344,19,39,3.5,0,2
1257,388,53,45,5,0,1
1258,33,4,17,4,0,0
1259,297,25,40,4,0,2
1260,568,63,58,5,0,0
1261,545,56,51,4.5,0,1
1262,389,66,50,5,0,1
1263,327,11,29,3.5,0,0
1264,10,6,1,2.5,0,0
1265,708,62,59,4.5,0,1
1266,105,6,17,4,0,1
1267,304,5,23,2.5,0,0
1268,20,9,8,3.5,0,1
1269,364,29,38,4,0,0
1270,500,31,49,3.5,0,2
1271,785,78,68,5,0,1
1272,306,5,2,2.5,1,2
1273,231,29,30,4.5,0,1
1274,236,7,1,2.5,1,0
1275,542,21,21,3.5,1,1
1276,737,52,42,4,1,0
1277,316,18,29,4,0,1
1278,321,12,36,3.5,0,2
1279,175,27,30,4.5,0,0
1280,133,5,26,3.5,0,2
1281,372,26,43,4,0,2
1282,136,17,25,4.5,0,0
1283,373,40,39,4.5,0,1
1284,178,10,30,4,0,2
1285,100,9,6,2.5,0,1
1286,289,33,43,4.5,0,2
1287,626,29,27,3.5,1,1
1288,186,9,21,4,0,1
1289,128,2,13,2.5,0,0
1290,444,61,52,5,0,0
1291,344,37,46,4.5,0,2
1292,531,40,45,4,0,1
1293,689,75,72,5,0,2
1294,749,82,68,5,0,1
1295,439,27,45,4,0,2
1296,474,22,21,3.5,1,0
1297,448,32,42,4,0,0
1298,130,16,22,4.5,0,1
1299,142,6,12,2.5,0,1
1300,210,0,16,2.5,0,0
1301,386,27,44,4,0,2
1302,561,39,46,4,0,1
1303,264,22,31,4,0,0
1304,446,28,37,4,0,1
1305,351,27,36,4,0,0
1306,5,3,4,2.5,0,2
1307,289,11,28,3.5,0,0
1308,11,7,7,3.5,0,0
1309,264,4,22,3,0,1
1310,577,41,29,4,1,2
1311,499,28,21,3.5,1,2
1312,582,56,52,4.5,0,1
1313,59,7,8,3,0,1
1314,318,50,41,5,0,1
1315,580,25,26,3,1,0
1316,392,62,51,5,0,0
1317,18,7,12,4,0,2
1318,492,51,48,4.5,0,1
1319,416,39,43,4.5,0,0
1320,669,72,62,5,0,1
1321,470,13,41,3,0,2
1322,88,6,25,4,0,2
1323,274,33,33,4.5,0,1
1324,544,54,33,4.5,1,2
1325,47,0,3,2,0,1
1326,122,14,30,4,0,2
1327,301,13,35,3.5,0,2
1328,418,16,14,3.5,1,1
1329,28,0,9,3,0,0
1330,681,63,59,4.5,0,1
1331,18,7,5,2.5,0,0
1332,78,1,10,2.5,0,0
1333,281,15,27,3.5,0,1
1334,606,36,46,3.5,0,1
1335,234,7,18,3,0,1
1336,373,20,32,3.5,0,1
1337,18,0,3,2,0,0
1338,507,29,42,3.5,0,0
1339,460,49,46,4.5,0,1
1340,278,24,32,4,0,0
1341,356,25,33,4,0,1
1342,361,27,19,4,1,0
1343,227,15,28,4,0,0
1344,602,83,66,5,0,0
1345,22,6,0,2,0,1
1346,123,1,2,3.5,1,0
1347,155,1,8,2,0,1
1348,169,0,14,2.5,0,0
1349,601,59,63,4.5,0,2
1350,347,57,45,5,0,1
1351,731,50,37,4,1,2
1352,1,0,0,2.5,0,0
1353,2,1,1,3.5,0,0
1354,835,87,73,5,0,1
1355,194,21,29,4.5,0,0
1356,251,30,40,4.5,0,2
1357,201,2,17,2.5,0,0
1358,275,6,26,3.5,0,0
1359,81,9,7,2.5,0,1
1360,7,2,6,3,0,2
1361,239,9,32,3.5,0,2
1362,306,28,35,4.5,0,0
1363,447,44,52,4.5,0,2
1364,165,18,33,4.5,0,2
1365,380,8,10,3,1,1
1366,314,8,28,3.5,0,0
1367,574,58,38,5,1,0
1368,319,34,38,4.5,0,0
1369,327,3,2,2.5,1,1
1370,109,16,30,4.5,0,2
1371,252,0,5,3,1,0
1372,349,25,36,4,0,0
1373,3,2,2,2.5,0,2
1374,105,2,20,3,0,2
1375,256,3,23,3,0,0
1376,255,1,3,3,1,1
1377,400,32,40,4,0,0
1378,94,4,13,3.5,0,1
1379,277,39,44,4.5,0,2
1380,434,50,48,5,0,0
1381,11,2,2,3,0,1
1382,680,76,46,5,1,2
1383,275,40,36,5,0,1
1384,343,27,33,4,0,1
1385,56,2,5,2.5,0,1
1386,392,19,32,3.5,0,1
1387,415,11,39,3,0,2
1388,341,40,41,4.5,0,0
1389,8,3,7,3,0,2
1390,334,34,36,4.5,0,1
1391,350,13,28,3.5,0,1
1392,521,38,52,4,0,2
1393,52,1,13,3.5,0,0
1394,531,42,54,4,0,2
1395,240,36,36,4.5,0,0
1396,527,26,22,3.5,1,1
1397,636,77,71,5,0,2
1398,221,8,14,2.5,0,1
1399,404,18,15,3.5,1,1
1400,813,64,46,4.5,1,1
1401,215,6,30,3.5,0,2
1402,319,17,11,3.5,1,2
1403,240,4,23,3.5,0,0
1404,54,9,8,3,0,1
1405,459,56,57,5,0,2
1406,592,76,61,5,0,1
1407,281,16,27,4,0,1
1408,161,0,13,2,0,2
1409,397,13,30,3,0,1
1410,228,15,25,4,0,1
1411,311,7,16,2,0,1
1412,396,14,33,3.5,0,0
1413,380,51,44,5,0,1
1414,137,4,11,2.5,0,1
1415,354,9,19,2,0,1
1416,270,5,15,2,0,1
1417,663,72,44,5,1,2
1418,535,41,27,4,1,2
1419,14,5,8,4,0,2
1420,94,1,11,3,0,1
1421,196,4,2,3.5,1,1
1422,821,62,46,4.5,1,1
1423,217,4,20,2,0,2
1424,329,1,26,2.5,0,0
1425,480,66,53,5,0,1
1426,503,35,25,4,1,1
1427,4,3,3,3,0,0
1428,58,2,0,3.5,1,0
1429,618,66,60,5,0,0
1430,165,6,28,3.5,0,2
1431,341,38,40,4.5,0,0
1432,352,28,16,4,1,2
1433,242,8,20,2.5,0,0
1434,650,38,57,3.5,0,2
1435,51,4,5,2.5,0,1
1436,446,18,19,3.5,1,0
1437,18,9,3,2,0,0
1438,486,51,50,4.5,0,0
1439,287,19,37,4,0,2
1440,398,22,36,4,0,0
1441,248,11,27,3.5,0,0
1442,294,20,32,4,0,0
1443,501,64,56,5,0,0
1444,320,4,24,3,0,1
1445,682,56,41,4.5,1,0
1446,466,53,50,5,0,0
1447,297,14,36,3.5,0,2
1448,649,68,45,5,1,0
1449,273,5,18,2.5,0,1
1450,99,10,18,4,0,1
1451,368,19,34,3.5,0,0
1452,257,32,35,4.5,0,0
1453,88,8,16,3.5,0,0
1454,504,42,30,4.5,1,0
1455,273,36,43,4.5,0,2
1456,167,5,28,3.5,0,2
1457,429,48,53,4.5,0,2
1458,379,14,32,3.5,0,0
1459,460,55,57,5,0,2
1460,380,26,43,4,0,2
1461,17,9,0,2,0,1
1462,496,64,53,5,0,1
1463,186,24,27,4.5,0,1
1464,425,12,30,3,0,1
1465,261,20,31,4,0,0
1466,350,47,50,5,0,2
1467,253,33,35,4.5,0,0
1468,15,5,13,2.5,0,2
1469,412,39,49,4.5,0,2
1470,469,54,51,5,0,0
1471,648,48,34,4,1,2
1472,101,16,21,4.5,0,1
1473,444,53,49,5,0,0
1474,265,11,33,3.5,0,2
1475,362,28,37,4,0,0
1476,391,13,38,3,0,2
1477,440,27,37,4,0,1
1478,339,33,35,4.5,0,1
1479,405,11,29,3,0,1
1480,47,6,9,3,0,0
1481,278,39,38,5,0,0
1482,186,6,23,3.5,0,0
1483,12,8,11,4.5,0,0
1484,316,5,33,3,0,2
1485,280,5,21,3,0,1
1486,207,16,27,4,0,0
1487,790,49,39,3.5,1,2
1488,580,60,54,5,0,1
1489,332,22,31,4,0,1
1490,248,23,37,4,0,2
1491,179,2,18,3,0,0
1492,202,12,25,4,0,0
1493,339,41,47,4.5,0,2
1494,599,58,63,4.5,0,2
1495,398,18,41,3.5,0,2
1496,203,1,14,2,0,0
1497,455,42,28,4.5,1,0
1498,380,32,37,4.5,0,1
1499,192,15,32,4,0,2
1500,211,16,27,4,0,0
1501,387,24,33,4,0,1
1502,379,33,40,4.5,0,0
1503,437,47,44,4.5,0,1
1504,306,16,28,3.5,0,1
1505,517,50,57,4.5,0,2
1506,237,5,24,2.5,0,2
1507,458,22,18,3.5,1,1
1508,377,8,27,3,0,1
1509,434,58,48,5,0,1
1510,318,23,31,4,0,1
1511,496,40,26,4.5,1,1
1512,606,36,29,4,1,1
1513,295,4,26,3,0,0
1514,418,36,42,4.5,0,0
1515,889,76,54,4.5,1,1
1516,184,16,26,4,0,0
1517,116,5,20,4,0,0
1518,288,13,26,3.5,0,1
1519,246,12,33,3.5,0,2
1520,205,21,35,4.5,0,2
1521,385,29,38,4,0,0
1522,478,27,47,3.5,0,2
1523,253,2,21,3,0,1
1524,373,32,39,4.5,0,0
1525,435,42,42,4.5,0,1
1526,638,81,49,5,1,0
1527,169,13,22,4,0,1
1528,334,51,42,5,0,1
1529,360,47,42,5,0,1
1530,574,53,54,4.5,0,0
1531,454,30,47,4,0,2
1532,336,7,26,3,0,1
1533,143,10,2,4,1,1
1534,1,0,0,2,0,1
1535,301,25,31,4,0,1
1536,368,40,42,4.5,0,0
1537,464,51,55,4.5,0,2
1538,630,55,54,4.5,0,1
1539,461,32,39,4,0,1
1540,287,7,18,2.5,0,1
1541,66,3,17,4,0,0
1542,141,7,21,2.5,0,2
1543,246,22,37,4,0,2
1544,457,17,16,3,1,2
1545,297,16,36,3.5,0,2
1546,314,23,33,4,0,0
1547,283,13,35,3.5,0,2
1548,259,30,34,4.5,0,0
1549,483,60,51,5,0,1
1550,364,2,26,2.5,0,0
1551,218,32,31,4.5,0,1
1552,107,4,16,3.5,0,0
1553,352,29,43,4,0,2
1554,702,61,44,4.5,1,0
1555,500,54,52,5,0,0
1556,228,12,32,3.5,0,2
1557,120,3,13,3,0,1
1558,292,18,28,4,0,1
1559,450,46,53,4.5,0,2
1560,259,15,26,4,0,1
1561,549,51,52,4.5,0,0
1562,216,1,15,2.5,0,1
1563,771,46,37,3.5,1,2
1564,256,15,34,4,0,2
1565,339,39,41,4.5,0,0
1566,519,73,57,5,0,1
1567,183,0,3,2,0,1
1568,646,14,22,2.5,1,1
1569,17,4,6,2.5,0,2
1570,291,29,32,4.5,0,1
1571,4,3,2,3,0,0
1572,49,3,2,2,0,1
1573,5,4,3,2.5,0,0
1574,299,21,12,4,1,2
1575,686,67,46,5,1,0
1576,351,4,7,3,1,1
1577,440,50,54,4.5,0,2
1578,186,19,34,4.5,0,2
1579,243,26,32,4.5,0,0
1580,478,48,55,4.5,0,2
1581,404,58,47,5,0,1
1582,312,39,39,4.5,0,0
1583,229,39,34,5,0,1
1584,106,7,14,3.5,0,1
1585,351,22,14,4,1,2
1586,3,2,2,2,0,2
1587,277,36,43,4.5,0,2
1588,259,27,30,4.5,0,1
1589,267,34,33,4.5,0,1
1590,316,42,47,4.5,0,2
1591,268,24,30,4.5,0,1
1592,411,33,41,4.5,0,0
1593,185,6,20,3.5,0,1
1594,490,32,49,4,0,2
1595,118,10,22,4,0,0
1596,215,29,30,4.5,0,1
1597,511,59,54,5,0,0
1598,362,17,33,3.5,0,0
1599,562,20,20,3,1,2
1600,179,4,22,3.5,0,0
1601,238,16,28,4,0,0
1602,246,27,30,4.5,0,1
1603,1,0,0,3.5,0,1
1604,328,20,33,4,0,0
1605,366,4,23,2.5,0,1
1606,436,37,49,4.5,0,2
1607,494,60,60,5,0,2
1608,370,45,50,4.5,0,2
1609,383,29,38,4,0,0
1610,345,22,40,4,0,2
1611,215,9,11,2,0,1
1612,18,9,5,3,0,0
1613,144,13,30,4,0,2
1614,409,31,46,4,0,2
1615,142,20,33,4.5,0,2
1616,39,7,24,4,0,2
1617,628,44,59,4,0,2
1618,18,0,14,4,0,0
1619,486,32,23,4,1,1
1620,509,40,44,4,0,1
1621,312,6,31,2.5,0,2
1622,69,4,15,4,0,1
1623,158,7,15,3,0,1
1624,469,31,39,4,0,1
1625,268,2,4,3,1,1
1626,125,13,23,4,0,0
1627,211,19,28,4,0,0
1628,460,34,40,4,0,1
1629,89,12,27,4,0,2
1630,698,81,66,5,0,1
1631,257,8,2,2.5,1,1
1632,376,50,46,5,0,0
1633,421,45,28,4.5,1,0
1634,535,43,55,4.5,0,2
1635,23,9,14,4,0,0
1636,48,2,12,3.5,0,0
1637,156,12,24,4,0,0
1638,4,1,1,2,0,1
1639,223,7,24,3.5,0,0
1640,754,67,45,4.5,1,2
1641,152,0,20,2.5,0,2
1642,193,14,26,4,0,0
1643,542,37,47,4,0,0
1644,563,44,50,4.5,0,0
1645,483,55,34,5,1,0
1646,320,35,44,4.5,0,2
1647,448,27,46,3.5,0,2
1648,605,41,33,4,1,0
1649,675,55,37,4.5,1,2
1650,202,0,8,2,0,0
1651,367,55,54,5,0,2
1652,385,54,48,5,0,0
1653,375,46,44,5,0,0
1654,172,4,20,2.5,0,2
1655,259,4,24,3,0,0
1656,163,37,31,5,0,1
1657,376,29,44,4,0,2
1658,200,7,23,3.5,0,0
1659,219,22,36,4.5,0,2
1660,133,14,21,4,0,1
1661,118,5,2,3.5,1,2
1662,751,56,61,4.5,0,0
1663,480,59,59,5,0,2
1664,512,20,39,3,0,0
1665,462,12,32,2.5,0,1
1666,487,45,54,4.5,0,2
1667,310,23,33,4,0,0
1668,395,32,20,4.5,1,1
1669,345,25,33,4,0,1
1670,738,68,45,4.5,1,2
1671,93,9,21,3,0,2
1672,499,35,24,4,1,1
1673,451,35,40,4,0,1
1674,66,8,6,2.5,0,1
1675,169,23,26,4.5,0,1
1676,56,1,20,3.5,0,2
1677,671,61,60,4.5,0,0
1678,400,34,38,4.5,0,1
1679,327,44,48,5,0,2
1680,301,12,26,3.5,0,1
1681,454,51,49,5,0,0
1682,173,27,36,4.5,0,2
1683,187,3,16,2.5,0,0
1684,303,4,8,3,1,0
1685,77,8,14,2.5,0,2
1686,394,52,47,5,0,0
1687,622,60,56,4.5,0,1
1688,302,10,25,3.5,0,1
1689,483,21,19,3.5,1,1
1690,360,39,39,4.5,0,1
1691,398,22,42,3.5,0,2
1692,223,10,26,3.5,0,0
1693,429,32,41,4,0,0
1694,365,11,10,3,1,2
1695,397,34,41,4.5,0,0
1696,111,28,35,4.5,0,2
1697,306,28,41,4.5,0,2
1698,461,10,16,3,1,0
1699,483,11,32,2.5,0,1
1700,308,9,28,3.5,0,0
1701,54,8,12,3.5,0,1
1702,282,19,13,4,1,0
1703,431,11,16,3,1,0
1704,664,56,55,4.5,0,1
1705,111,4,10,2.5,0,1
1706,294,16,36,3.5,0,2
1707,224,4,3,3.5,1,1
1708,424,24,44,3.5,0,2
1709,439,56,30,5,1,2
1710,41,8,6,3,0,1
1711,272,5,32,3,0,2
1712,249,8,26,3.5,0,0
1713,540,58,61,4.5,0,2
1714,500,39,43,4,0,1
1715,255,13,28,4,0,0
1716,420,25,35,4,0,1
1717,229,6,30,3.5,0,2
1718,318,48,43,5,0,0
1719,357,61,49,5,0,0
1720,424,3,36,2.5,0,2
1721,365,9,30,3,0,0
1722,430,38,43,4.5,0,0
1723,591,38,49,4,0,0
1724,205,2,18,3,0,1
1725,627,42,58,4,0,2
1726,17,6,0,2,0,0
1727,270,7,32,3.5,0,2
1728,684,46,35,4,1,2
1729,358,35,37,4.5,0,1
1730,195,15,26,4,0,0
1731,194,1,18,3,0,1
1732,546,45,30,4.5,1,1
1733,573,34,44,3.5,0,1
1734,1,0,0,3,0,0
1735,211,24,36,4.5,0,2
1736,535,37,44,4,0,1
1737,308,22,39,4,0,2
1738,594,47,50,4.5,0,1
1739,723,71,46,5,1,1
1740,287,18,37,4,0,2
1741,532,56,51,4.5,0,1
1742,261,24,29,4.5,0,1
1743,656,33,29,3.5,1,2
1744,531,32,42,3.5,0,1
1745,747,60,43,4.5,1,1
1746,5,4,0,2,0,2
1747,99,9,27,4,0,2
1748,15,8,2,2.5,0,1
1749,527,38,53,4,0,2
1750,177,7,23,3.5,0,0
1751,240,9,23,3.5,0,1
1752,348,43,48,4.5,0,2
1753,460,29,38,4,0,1
1754,230,8,25,3.5,0,0
1755,383,10,31,3,0,0
1756,411,34,47,4,0,2
1757,265,5,18,2.5,0,1
1758,272,9,27,3.5,0,0
1759,36,1,17,3,0,2
1760,179,3,11,2.5,0,1
1761,332,40,38,4.5,0,1
1762,201,11,25,4,0,0
1763,12,9,2,2.5,0,2
1764,186,9,17,3,0,1
1765,164,7,28,3.5,0,2
1766,368,36,47,4.5,0,2
1767,636,53,56,4.5,0,0
1768,527,52,32,4.5,1,1
1769,305,33,43,4.5,0,2
1770,76,9,26,4,0,2
1771,280,26,33,4.5,0,0
1772,233,7,4,3.5,1,2
1773,226,7,30,3.5,0,2
1774,209,2,22,3.5,0,0
1775,315,31,43,4.5,0,2
1776,52,6,10,3.5,0,1
1777,331,23,40,4,0,2
1778,434,22,17,3.5,1,2
1779,15,5,0,2.5,0,0
1780,94,13,19,4.5,0,1
1781,463,54,57,5,0,2
1782,89,28,27,5,0,0
1783,235,29,39,4.5,0,2
1784,241,18,12,4,1,0
1785,4,3,0,2,0,0
1786,326,31,34,4.5,0,1
1787,158,1,20,3.5,0,0
1788,465,44,44,4.5,0,1
1789,436,27,45,4,0,2
1790,8,6,7,3.5,0,0
1791,643,53,54,4.5,0,1
1792,153,1,20,3.5,0,0
1793,287,33,33,4.5,0,1
1794,326,38,37,4.5,0,1
1795,133,26,35,4.5,0,2
1796,581,30,45,3.5,0,0
1797,235,2,29,3,0,2
1798,461,53,56,5,0,2
1799,170,29,37,4.5,0,2
1800,89,21,25,4.5,0,0
1801,273,21,29,4,0,1
1802,382,42,43,4.5,0,0
1803,293,2,26,2,0,2
1804,254,30,14,4.5,1,1
1805,613,43,34,4,1,0
1806,292,15,27,3.5,0,1
1807,514,33,44,4,0,0
1808,577,70,58,5,0,1
1809,106,4,13,3.5,0,1
1810,453,46,47,4.5,0,0
1811,425,41,41,4.5,0,1
1812,194,6,14,2.5,0,1
1813,175,1,20,3.5,0,0
1814,496,33,44,4,0,0
1815,491,69,63,5,0,2
1816,414,24,20,4,1,0
1817,116,4,7,2.5,0,1
1818,590,46,32,4.5,1,1
1819,456,44,44,4.5,0,1
1820,303,8,33,3,0,2
1821,367,11,31,3,0,0
1822,511,10,18,2.5,1,0
1823,223,14,24,4,0,1
1824,329,9,11,3.5,1,0
1825,157,6,19,3.5,0,1
1826,513,62,55,5,0,0
1827,260,11,27,3.5,0,0
1828,864,108,65,5,1,1
1829,3,2,0,2,0,1
1830,503,17,44,3,0,2
1831,427,27,45,4,0,2
1832,346,36,20,4.5,1,1
1833,5,4,2,2,0,2
1834,229,9,19,2.5,0,0
1835,344,13,31,3.5,0,0
1836,167,0,17,3,0,0
1837,3,2,1,2.5,0,1
1838,378,4,32,2.5,0,2
1839,470,39,42,4.5,0,1
1840,592,29,51,3.5,0,2
1841,393,2,28,2.5,0,0
1842,136,9,13,3,0,1
1843,388,47,51,4.5,0,2
1844,122,7,18,4,0,1
1845,138,8,19,3.5,0,0
1846,303,8,34,3,0,2
1847,247,27,33,4.5,0,0
1848,63,4,18,3,0,2
1849,315,21,33,4,0,0
1850,556,65,64,5,0,2
1851,447,48,48,4.5,0,0
1852,620,49,51,4.5,0,1
1853,206,20,29,4.5,0,0
1854,262,9,24,3.5,0,1
1855,287,24,39,4,0,2
1856,437,40,27,4.5,1,0
1857,62,8,12,3.5,0,1
1858,500,28,39,3.5,0,1
1859,590,64,58,5,0,0
1860,166,4,21,3.5,0,0
1861,2,1,1,2.5,0,0
1862,396,32,22,4.5,1,0
1863,346,30,35,4.5,0,1
1864,397,5,9,3,1,1
1865,294,30,35,4.5,0,0
1866,534,46,50,4.5,0,0
1867,240,20,36,4,0,2
1868,204,11,23,4,0,1
1869,781,70,68,4.5,0,0
1870,549,50,58,4.5,0,2
1871,36,8,14,2.5,0,2
1872,19,2,14,4,0,0
1873,182,6,5,3.5,1,0
1874,520,38,46,4,0,0
1875,573,45,30,4.5,1,2
1876,491,54,49,5,0,1
1877,552,34,43,4,0,1
1878,270,12,34,3.5,0,2
1879,502,7,31,2.5,0,1
1880,340,29,43,4,0,2
1881,384,53,53,5,0,2
1882,323,15,31,3.5,0,0
1883,359,7,35,3,0,2
1884,560,19,20,3,1,1
1885,193,1,18,3,0,1
1886,548,13,17,2.5,1,2
1887,385,46,51,4.5,0,2
1888,326,28,42,4,0,2
1889,285,22,29,4,0,1
1890,483,21,38,3.5,0,0
1891,406,39,40,4.5,0,1
1892,404,40,43,4.5,0,0
1893,694,53,38,4.5,1,1
1894,124,0,4,2,0,0
1895,222,9,15,2.5,0,1
1896,246,39,35,5,0,1
1897,358,23,32,4,0,1
1898,357,21,40,3.5,0,2
1899,48,2,14,4,0,1
1900,550,53,53,4.5,0,0
1901,480,64,55,5,0,0
1902,106,6,26,4,0,2
1903,16,2,15,4,0,2
1904,442,36,40,4.5,0,1
1905,247,8,17,2.5,0,1
1906,377,35,40,4.5,0,0
1907,324,12,9,3.5,1,2
1908,176,22,26,4.5,0,1
1909,246,30,34,4.5,0,0
1910,2,1,1,2,0,2
1911,453,52,49,5,0,0
1912,627,46,50,4,0,1
1913,602,61,58,5,0,0
1914,213,7,24,3.5,0,0
1915,320,15,28,3.5,0,1
1916,348,21,34,4,0,0
1917,245,33,35,4.5,0,0
1918,498,33,41,4,0,1
1919,68,4,11,3.5,0,1
1920,385,22,42,3.5,0,2
1921,65,4,13,3,0,0
1922,342,17,32,3.5,0,0
1923,337,43,48,4.5,0,2
1924,354,31,35,4.5,0,1
1925,495,45,45,4.5,0,1
1926,277,37,35,4.5,0,1
1927,542,52,32,4.5,1,2
1928,67,0,21,3.5,0,2
1929,488,33,50,4,0,2
1930,529,39,27,4.5,1,1
1931,687,78,64,5,0,1
1932,252,3,20,3,0,1
1933,121,5,11,2.5,0,1
1934,141,7,19,3.5,0,0
1935,2,1,1,4.5,0,0
1936,429,29,40,4,0,0
1937,339,8,29,3,0,0
1938,346,31,38,4.5,0,0
1939,201,15,27,4,0,0
1940,337,48,44,5,0,0
1941,560,51,59,4.5,0,2
1942,181,7,23,3.5,0,0
1943,382,23,33,4,0,1
1944,484,59,59,5,0,2
1945,102,2,24,3.5,0,2
1946,546,60,62,5,0,2
1947,345,48,50,5,0,2
1948,472,53,50,5,0,0
1949,554,44,50,4.5,0,0
1950,71,2,3,2,0,0
1951,455,21,35,3.5,0,1
1952,399,56,46,5,0,1
1953,343,23,32,4,0,1
1954,126,16,22,4.5,0,1
1955,655,36,30,3.5,1,1
1956,126,21,26,4.5,0,0
1957,125,4,23,3,0,2
1958,631,51,38,4.5,1,0
1959,350,36,40,4.5,0,0
1960,379,31,19,4.5,1,1
1961,332,35,45,4.5,0,2
1962,547,60,55,5,0,0
1963,98,0,16,3.5,0,0
1964,471,50,49,4.5,0,0
1965,472,62,60,5,0,2
1966,400,12,12,3,1,1
1967,631,39,48,4,0,1
1968,141,1,19,3.5,0,0
1969,432,37,22,4.5,1,2
1970,748,51,56,4,0,1
1971,99,1,2,2,0,1
1972,119,8,13,3,0,1
1973,8,1,7,2,0,2
1974,194,30,32,4.5,0,0
1975,226,6,8,2,0,1
1976,262,25,32,4.5,0,0
1977,599,52,52,4.5,0,1
1978,448,52,49,5,0,0
1979,127,8,27,4,0,2
1980,669,55,55,4.5,0,1
1981,253,19,36,4,0,2
1982,73,6,6,2.5,0,0
1983,261,4,22,3,0,1
1984,25,21,23,4.5,0,0
1985,84,3,24,4,0,2
1986,533,44,47,4.5,0,1
1987,373,24,33,4,0,1
1988,51,7,11,2,0,2
1989,564,39,54,4,0,2
1990,396,22,42,3.5,0,2
1991,488,54,48,4.5,0,1
1992,330,41,47,4.5,0,2
1993,320,41,38,4.5,0,1
1994,424,46,52,4.5,0,2
1995,238,15,28,4,0,0
1996,172,5,19,3,0,0
1997,263,16,26,4,0,1
1998,1,0,0,2,0,1
1999,205,17,27,4,0,0
2000,129,26,28,4.5,0,0
2001,374,12,31,3,0,0
2002,179,16,23,4,0,1
2003,337,31,43,4.5,0,2
2004,315,11,35,3.5,0,2
2005,149,11,23,4,0,0
2006,207,3,22,3.5,0,0
2007,266,20,37,4,0,2
2008,287,13,26,3.5,0,1
2009,411,46,45,4.5,0,0
2010,158,7,0,2.5,1,0
2011,462,24,22,3.5,1,0
2012,334,12,36,3.5,0,2
2013,348,42,42,4.5,0,0
2014,531,20,20,3,1,1
2015,12,3,8,3.5,0,1
2016,422,45,43,4.5,0,1
2017,383,37,39,4.5,0,1
2018,368,22,15,4,1,1
2019,84,6,25,4,0,2
2020,433,48,44,4.5,0,1
2021,496,67,57,5,0,0
2022,293,19,29,4,0,1
2023,611,63,39,5,1,1
2024,405,65,50,5,0,1
2025,334,10,35,3,0,2
2026,179,8,11,2.5,0,1
2027,370,27,34,4,0,1
2028,64,2,3,2,0,0
2029,239,10,26,3.5,0,0
2030,426,2,29,2.5,0,0
2031,527,23,23,3.5,1,0
2032,348,3,24,2.5,0,1
2033,13,3,1,2.5,0,0
2034,306,40,40,4.5,0,0
2035,397,52,45,5,0,1
2036,483,51,56,4.5,0,2
2037,506,47,29,4.5,1,2
2038,5,4,4,4,0,0
2039,193,17,27,4,0,0
2040,427,31,40,4,0,0
2041,262,19,27,4,0,1
2042,298,11,26,3.5,0,1
2043,111,1,15,3,0,0
2044,155,16,25,4.5,0,0
2045,446,64,60,5,0,2
2046,614,57,63,4.5,0,2
2047,350,15,32,3.5,0,0
2048,431,47,53,4.5,0,2
2049,154,5,16,3,0,1
2050,349,27,42,4,0,2
2051,523,40,26,4,1,2
2052,97,9,18,4,0,1
2053,291,4,23,2.5,0,0
2054,548,58,52,5,0,1
2055,185,4,11,2,0,0
2056,804,80,52,5,1,2
2057,8,2,7,3,0,2
2058,6,5,5,3,0,2
2059,80,25,32,4.5,0,2
2060,338,31,43,4.5,0,2
2061,530,58,52,5,0,1
2062,239,10,23,3.5,0,1
2063,110,5,19,4,0,0
2064,302,13,26,3.5,0,1
2065,52,7,11,3.5,0,1
2066,451,24,38,3.5,0,0
2067,215,25,31,4.5,0,0
2068,273,18,36,4,0,2
2069,363,38,47,4.5,0,2
2070,485,22,45,3.5,0,2
2071,442,46,47,4.5,0,0
2072,110,16,6,4.5,1,0
2073,246,22,37,4,0,2
2074,278,28,40,4.5,0,2
2075,190,21,28,4.5,0,0
2076,273,7,23,3.5,0,1
2077,259,15,26,4,0,1
2078,162,5,15,3,0,1
2079,253,32,41,4.5,0,2
2080,584,35,54,3.5,0,2
2081,2,1,1,4,0,2
2082,117,11,28,4,0,2
2083,255,12,25,3.5,0,1
2084,235,14,27,4,0,0
2085,414,43,42,4.5,0,1
2086,340,29,37,4.5,0,0
2087,6,3,4,3,0,1
2088,355,34,36,4.5,0,1
2089,106,14,23,4.5,0,0
2090,134,3,15,3,0,0
2091,715,44,35,4,1,1
2092,408,22,43,3.5,0,2
2093,597,70,61,5,0,0
2094,338,34,36,4.5,0,1
2095,142,2,19,3.5,0,0
2096,6,1,0,2,0,1
2097,11,6,3,2.5,0,1
2098,75,3,14,3.5,0,0
2099,187,1,24,2.5,0,2
2100,385,19,41,3.5,0,2
2101,208,25,30,4.5,0,0
2102,427,2,12,2.5,1,0
2103,636,66,58,5,0,1
2104,404,43,50,4.5,0,2
2105,170,27,36,4.5,0,2
2106,193,6,29,3.5,0,2
2107,399,13,13,3.5,1,1
2108,88,9,14,3.5,0,1
2109,232,3,27,2.5,0,2
2110,255,13,25,3.5,0,1
2111,127,1,19,3.5,0,0
2112,453,31,24,4,1,0
2113,384,22,33,4,0,1
2114,52,3,2,2,0,1
2115,439,47,47,4.5,0,0
2116,232,25,38,4.5,0,2
2117,8,3,7,4,0,2
2118,462,39,42,4.5,0,1
2119,112,9,11,3,0,1
2120,423,28,36,4,0,1
2121,213,4,23,3.5,0,0
2122,126,3,26,3.5,0,2
2123,307,29,35,4.5,0,0
2124,341,25,15,4,1,2
2125,81,4,21,3.5,0,2
2126,154,8,13,2.5,0,1
2127,489,13,33,2.5,0,1
2128,2,1,1,4,0,0
2129,200,10,31,3.5,0,2
2130,349,19,30,3.5,0,1
2131,190,19,34,4,0,2
2132,92,3,9,2.5,0,1
2133,307,34,44,4.5,0,2
2134,438,53,55,5,0,2
2135,176,1,1,3,1,1
2136,91,4,10,2.5,0,0
2137,151,1,3,3.5,1,1
2138,386,51,47,5,0,0
2139,329,43,42,5,0,0
2140,440,22,43,3.5,0,2
2141,309,17,37,3.5,0,2
2142,581,34,53,3.5,0,2
2143,346,27,42,4,0,2
2144,25,4,1,2.5,0,1
2145,534,54,59,4.5,0,2
2146,343,29,37,4.5,0,0
2147,489,32,22,4,1,2
2148,100,1,9,2.5,0,0
2149,127,2,15,3,0,0
2150,395,26,17,4,1,2
2151,117,5,14,3,0,0
2152,728,76,74,5,0,2
2153,37,2,18,3,0,2
2154,369,39,48,4.5,0,2
2155,206,1,16,2.5,0,0
2156,368,20,32,3.5,0,1
2157,242,7,22,3.5,0,1
2158,420,23,43,3.5,0,2
2159,504,52,51,4.5,0,0
2160,150,1,10,2.5,0,1
2161,492,49,49,4.5,0,0
2162,351,15,29,3.5,0,1
2163,477,6,12,2.5,1,2
2164,28,20,27,4.5,0,2
2165,316,48,43,5,0,0
2166,6,4,5,3,0,2
2167,534,43,55,4.5,0,2
2168,185,2,16,3,0,1
2169,227,1,2,3.5,1,1
2170,368,30,44,4,0,2
2171,303,5,9,3,1,0
2172,360,34,37,4.5,0,1
2173,315,35,38,4.5,0,0
2174,414,27,36,4,0,1
2175,255,25,32,4.5,0,0
2176,319,17,37,3.5,0,2
2177,277,20,28,4,0,1
2178,339,35,36,4.5,0,1
2179,373,3,20,2,0,1
2180,16,8,10,3.5,0,0
2181,149,7,0,3,1,2
2182,352,52,46,5,0,0
2183,448,41,45,4.5,0,0
2184,266,39,38,5,0,0
2185,252,16,26,4,0,1
2186,215,1,19,3,0,1
2187,198,9,21,3.5,0,1
2188,401,17,14,3.5,1,1
2189,343,15,11,3.5,1,1
2190,599,36,54,3.5,0,2
2191,137,1,16,3.5,0,1
2192,8,6,0,2,0,2
2193,663,65,59,4.5,0,1
2194,554,49,49,4.5,0,1
2195,201,6,20,3.5,0,1
2196,573,58,53,4.5,0,1
2197,380,3,26,2.5,0,1
2198,290,12,35,3.5,0,2
2199,291,1,30,2.5,0,2
2200,623,44,32,4,1,1
2201,16,7,15,3,0,2
2202,183,18,33,4,0,2
2203,361,55,44,5,0,1
2204,266,12,27,3.5,0,0
2205,237,17,35,4,0,2
2206,677,60,58,4.5,0,1
2207,555,39,27,4,1,2
2208,382,34,46,4.5,0,2
2209,264,24,32,4.5,0,0
2210,117,7,18,4,0,1
2211,188,8,24,4,0,0
2212,493,74,59,5,0,0
2213,399,23,34,3.5,0,1
2214,303,18,37,4,0,2
2215,61,6,10,2.5,0,0
2216,486,12,15,3,1,1
2217,307,21,32,4,0,0
2218,18,4,1,2,0,2
2219,225,15,25,4,0,1
2220,2,1,1,4,0,1
2221,247,7,20,3,0,1
2222,56,1,13,4,0,1
2223,283,5,24,3,0,0
2224,357,32,45,4.5,0,2
2225,602,59,57,4.5,0,0
2226,11,2,8,4,0,0
2227,297,56,52,5,0,2
2228,408,39,40,4.5,0,1
2229,392,18,17,3.5,1,0
2230,563,54,60,4.5,0,2
2231,340,15,31,3.5,0,0
2232,191,13,26,4,0,0
2233,405,29,36,4,0,1
2234,25,0,9,3,0,0
2235,395,38,39,4.5,0,1
2236,567,42,56,4,0,2
2237,217,14,24,4,0,1
2238,226,14,33,4,0,2
2239,631,41,57,4,0,2
2240,212,8,23,2.5,0,2
2241,320,21,15,4,1,0
2242,389,43,50,4.5,0,2
2243,203,2,22,3.5,0,0
2244,19,6,0,2.5,1,1
2245,280,13,11,3.5,1,0
2246,251,2,20,2.5,0,0
2247,283,11,7,3.5,1,2
2248,313,16,28,3.5,0,1
2249,298,17,37,3.5,0,2
2250,629,62,65,4.5,0,2
2251,329,25,32,4,0,1
2252,454,57,57,5,0,2
2253,106,1,10,2.5,0,0
2254,383,7,9,3,1,2
2255,608,49,54,4.5,0,0
2256,8,5,7,4,0,2
2257,524,45,29,4.5,1,1
2258,444,44,52,4.5,0,2
2259,414,38,40,4.5,0,1
2260,248,12,25,3.5,0,1
2261,16,7,5,2,0,2
2262,154,14,31,4,0,2
2263,256,41,44,5,0,2
2264,126,3,17,3.5,0,1
2265,303,43,41,5,0,0
2266,346,3,27,2.5,0,0
2267,542,54,59,4.5,0,2
2268,171,5,13,2.5,0,1
2269,163,2,26,3.5,0,2
2270,693,62,61,4.5,0,0
2271,475,6,39,2.5,0,2
2272,339,22,34,4,0,0
2273,354,21,14,4,1,1
2274,183,6,19,3,0,0
2275,329,2,6,2.5,1,2
2276,334,37,39,4.5,0,0
2277,439,41,42,4.5,0,1
2278,144,8,1,2,1,1
2279,158,5,18,3.5,0,1
2280,624,69,59,5,0,1
2281,375,59,46,5,0,1
2282,52,6,16,2.5,0,2
2283,10,0,9,2.5,0,2
2284,404,14,31,3,0,1
2285,191,1,13,2,0,0
2286,604,37,55,3.5,0,2
2287,101,31,35,5,0,2
2288,886,82,82,5,0,2
2289,287,46,47,5,0,2
2290,259,5,22,3,0,1
2291,403,30,36,4,0,1
2292,52,4,18,3,0,2
2293,394,30,39,4,0,0
2294,254,33,35,4.5,0,0
2295,332,5,22,2,0,0
2296,223,24,28,4.5,0,1
2297,586,46,34,4.5,1,0
2298,449,45,29,4.5,1,0
2299,227,23,30,4.5,0,0
2300,298,20,29,4,0,1
2301,389,25,43,4,0,2
2302,16,4,2,3.5,0,1
2303,15,2,7,2.5,0,0
2304,264,6,28,2.5,0,2
2305,7,2,3,2.5,0,0
2306,279,20,37,4,0,2
2307,241,6,20,2.5,0,0
2308,318,25,34,4,0,0
2309,504,44,54,4.5,0,2
2310,226,33,34,4.5,0,0
2311,516,52,49,4.5,0,1
2312,333,28,36,4.5,0,0
2313,43,2,14,3.5,0,0
2314,13,1,10,4,0,0
2315,334,2,32,2.5,0,2
2316,301,18,31,4,0,0
2317,373,20,32,3.5,0,1
2318,474,35,41,4,0,1
2319,125,6,2,2.5,1,0
2320,311,33,34,4.5,0,1
2321,267,16,35,4,0,2
2322,59,7,13,2.5,0,2
2323,126,35,38,5,0,2
2324,323,32,37,4.5,0,0
2325,14,8,7,3,0,2
2326,343,1,8,2.5,1,0
2327,466,43,44,4.5,0,1
2328,137,5,21,4,0,0
2329,605,17,21,2.5,1,1
2330,155,19,24,4.5,0,1
2331,10,4,0,2.5,0,2
2332,407,47,25,4.5,1,2
2333,484,19,18,3.5,1,1
2334,506,29,40,3.5,0,1
2335,111,1,13,2.5,0,0
2336,722,56,39,4.5,1,2
2337,171,20,25,4.5,0,1
2338,200,1,21,3.5,0,0
2339,4,3,2,2,0,0
2340,1,0,0,2.5,0,2
2341,53,5,6,2.5,0,0
2342,323,12,36,3.5,0,2
2343,142,14,21,4,0,1
2344,231,11,32,3.5,0,2
2345,293,35,37,4.5,0,0
2346,706,37,35,3.5,1,0
2347,335,29,36,4.5,0,0
2348,329,3,26,3,0,0
2349,547,47,57,4.5,0,2
2350,29,8,13,3.5,0,0
2351,312,29,42,4.5,0,2
2352,403,28,19,4,1,1
2353,379,38,47,4.5,0,2
2354,89,1,19,3,0,2
2355,31,2,3,2,0,0
2356,139,17,31,4.5,0,2
2357,586,51,51,4.5,0,1
2358,394,19,35,3.5,0,0
2359,193,8,17,2.5,0,0
2360,157,4,18,3,0,0
2361,345,24,35,4,0,0
2362,414,28,45,4,0,2
2363,390,27,44,4,0,2
2364,84,17,23,4.5,0,0
2365,558,42,47,4,0,1
2366,199,15,33,4,0,2
2367,2,1,0,3.5,0,0
2368,343,25,33,4,0,1
2369,698,58,60,4.5,0,0
2370,71,2,21,3.5,0,2
2371,172,30,31,4.5,0,0
2372,517,17,18,3,1,1
2373,279,22,32,4,0,0
2374,390,15,39,3,0,2
2375,504,66,54,5,0,1
2376,10,9,9,4.5,0,1
2377,393,25,17,4,1,1
2378,317,20,39,4,0,2
2379,496,45,46,4.5,0,1
2380,417,49,53,4.5,0,2
2381,660,38,31,4,1,1
2382,374,40,22,4.5,1,2
2383,68,8,18,3,0,2
2384,471,58,49,5,0,1
2385,608,64,65,5,0,2
2386,799,84,53,5,1,2
2387,321,18,11,4,1,2
2388,315,28,36,4.5,0,0
2389,160,6,22,3.5,0,0
2390,272,6,29,2.5,0,2
2391,404,32,40,4.5,0,0
2392,84,5,19,4,0,0
2393,554,55,60,4.5,0,2
2394,123,14,23,4.5,0,0
2395,127,23,27,4.5,0,0
2396,629,60,41,4.5,1,0
2397,536,42,46,4.5,0,1
2398,197,6,22,2.5,0,2
2399,101,16,30,4.5,0,2
2400,440,43,45,4.5,0,0
2401,408,28,39,4,0,0
2402,406,65,50,5,0,1
2403,226,3,29,3,0,2
2404,375,47,42,5,0,1
2405,427,12,30,3,0,1
2406,442,27,46,4,0,2
2407,426,24,44,3.5,0,2
2408,97,7,20,4,0,0
2409,392,44,50,4.5,0,2
2410,339,32,44,4.5,0,2
2411,7,4,0,5,1,1
2412,593,56,53,4.5,0,1
2413,182,2,26,3,0,2
2414,130,15,30,4,0,2
2415,652,64,40,4.5,1,2
2416,294,26,34,4.5,0,0
2417,322,34,44,4.5,0,2
2418,458,66,55,5,0,0
2419,302,14,12,3.5,1,0
2420,474,41,43,4.5,0,1
2421,310,10,28,3.5,0,0
2422,449,51,46,5,0,1
2423,25,3,14,2.5,0,2
2424,542,50,58,4.5,0,2
2425,319,7,28,3,0,0
2426,419,4,10,2.5,1,0
2427,185,4,26,3,0,2
2428,424,19,42,3.5,0,2
2429,468,30,48,4,0,2
2430,284,25,33,4.5,0,0
2431,479,46,48,4.5,0,0
2432,286,19,37,4,0,2
2433,155,14,24,4,0,0
2434,308,22,30,4,0,1
2435,414,40,50,4.5,0,2
2436,211,3,21,3,0,0
2437,312,14,36,3.5,0,2
2438,16,10,15,4.5,0,1
2439,547,48,48,4.5,0,1
2440,305,9,34,3,0,2
2441,251,44,39,5,0,0
2442,219,27,32,4.5,0,0
2443,801,67,50,4.5,1,0
2444,361,32,45,4.5,0,2
2445,279,9,6,3,1,0
2446,416,29,39,4,0,0
2447,341,15,29,3.5,0,1
2448,203,8,14,2.5,0,1
2449,171,7,8,2,0,1
2450,144,20,24,4.5,0,1
2451,176,13,25,4,0,0
2452,460,23,36,3.5,0,1
2453,332,39,46,4.5,0,2
2454,503,50,50,4.5,0,0
2455,55,3,14,4,0,1
2456,330,31,43,4.5,0,2
2457,159,9,24,3,0,2
2458,187,0,1,3,1,1
2459,423,45,45,4.5,0,0
2460,278,2,22,3,0,1
2461,227,8,2,2,1,2
2462,229,5,24,3.5,0,0
2463,435,13,31,3,0,1
2464,85,0,11,3,0,1
2465,288,7,24,3,0,1
2466,307,33,34,4.5,0,1
2467,432,62,59,5,0,2
2468,225,12,23,4,0,1
2469,302,19,29,4,0,1
2470,6,4,1,2,0,1
2471,502,42,53,4.5,0,2
2472,255,28,33,4.5,0,0
2473,11,1,1,2,0,1
2474,464,30,39,4,0,1
2475,330,37,46,4.5,0,2
2476,138,5,18,3.5,0,1
2477,217,32,13,4.5,1,2
2478,329,27,33,4,0,1
2479,324,24,14,4,1,1
2480,532,59,34,5,1,2
2481,584,67,42,5,1,0
2482,52,6,15,4,0,1
2483,268,21,31,4,0,0
2484,577,46,31,4.5,1,2
2485,200,6,29,3.5,0,2
2486,211,10,31,3.5,0,2
2487,10,4,6,3,0,2
2488,385,25,43,4,0,2
2489,28,9,9,2,0,2
2490,65,7,22,3.5,0,2
2491,238,20,30,4,0,0
2492,127,3,14,3,0,1
2493,569,54,60,4.5,0,2
2494,457,36,40,4,0,1
2495,200,7,1,2.5,1,0
2496,129,7,18,3.5,0,0
2497,343,2,33,2.5,0,2
2498,481,43,53,4.5,0,2
2499,17,2,13,4,0,1
2500,60,8,10,3,0,1
2501,67,9,17,3,0,2
2502,291,27,34,4.5,0,0
2503,153,9,8,2,0,1
2504,329,27,42,4,0,2
2505,198,42,34,5,0,1
2506,8,4,3,2.5,0,0
2507,606,54,38,4.5,1,0
2508,331,39,46,4.5,0,2
2509,208,13,26,4,0,0
2510,241,8,22,3.5,0,1
2511,146,34,29,5,0,1
2512,187,24,30,4.5,0,0
2513,372,49,42,5,0,1
2514,444,26,36,3.5,0,1
2515,194,9,24,4,0,0
2516,141,3,19,3.5,0,0
2517,688,59,60,4.5,0,0
2518,79,6,25,4,0,2
2519,141,6,27,3.5,0,2
2520,86,6,15,3.5,0,0
2521,506,44,54,4.5,0,2
2522,187,1,18,3.5,0,1
2523,226,3,20,2.5,0,0
2524,8,7,3,3,0,2
2525,146,16,31,4,0,2
2526,551,64,63,5,0,2
2527,473,45,47,4.5,0,0
2528,242,5,30,3,0,2
2529,192,0,13,2,0,0
2530,378,35,47,4.5,0,2
2531,277,1,21,3,0,1
2532,559,31,24,3.5,1,2
2533,507,32,26,4,1,0
2534,363,45,50,4.5,0,2
2535,527,39,44,4,0,1
2536,41,2,16,4,0,0
2537,88,21,22,4.5,0,1
2538,539,35,26,4,1,1
2539,79,2,6,2.5,0,1
2540,555,49,58,4.5,0,2
2541,460,64,60,5,0,2
2542,454,39,51,4.5,0,2
2543,321,10,35,3.5,0,2
2544,592,42,30,4,1,2
2545,339,4,10,3,1,0
2546,323,14,30,3.5,0,0
2547,94,2,11,3,0,1
2548,287,34,37,4.5,0,0
2549,154,3,14,2.5,0,0
2550,46,7,7,2,0,2
2551,597,39,29,4,1,2
2552,304,28,41,4.5,0,2
2553,212,6,23,3.5,0,0
2554,300,39,39,4.5,0,0
2555,64,2,12,3,0,0
2556,419,26,36,4,0,1
2557,499,41,53,4.5,0,2
2558,185,25,30,4.5,0,0
2559,638,70,45,5,1,0
2560,642,28,53,3,0,2
2561,294,37,38,4.5,0,0
2562,703,85,50,5,1,2
2563,334,55,44,5,0,1
2564,452,52,49,5,0,0
2565,28,6,9,3,0,0
2566,32,9,18,3.5,0,2
2567,584,36,45,4,0,1
2568,233,13,27,4,0,0
2569,422,29,37,4,0,1
2570,535,28,23,3.5,1,1
2571,50,7,17,3,0,2
2572,257,24,38,4.5,0,2
2573,376,4,26,2.5,0,1
2574,194,27,28,4.5,0,1
2575,247,21,36,4,0,2
2576,237,7,17,2.5,0,1
2577,136,3,20,3.5,0,0
2578,26,8,6,2.5,0,0
2579,452,19,34,3.5,0,1
2580,280,5,23,3,0,0
2581,831,62,46,4.5,1,1
2582,17,5,10,3.5,0,1
2583,272,27,33,4.5,0,0
2584,362,41,39,4.5,0,1
2585,405,9,6,2.5,1,1
2586,353,1,22,2,0,0
2587,463,29,38,4,0,1
2588,455,29,20,4,1,1
2589,371,14,29,3.5,0,1
2590,7,1,1,5,1,2
2591,227,9,31,3.5,0,2
2592,604,55,62,4.5,0,2
2593,289,20,38,4,0,2
2594,83,10,27,4,0,2
2595,423,53,46,5,0,1
2596,99,13,22,4.5,0,0
2597,250,30,34,4.5,0,0
2598,575,72,59,5,0,1
2599,296,8,28,2.5,0,2
2600,120,5,20,4,0,0
2601,102,4,25,3.5,0,2
2602,273,21,37,4,0,2
2603,10,6,4,3,0,1
2604,371,50,52,5,0,2
2605,167,1,0,3.5,1,1
2606,506,48,50,4.5,0,0
2607,38,7,15,4,0,1
2608,367,32,36,4.5,0,1
2609,453,51,55,4.5,0,2
2610,171,6,17,3,0,0
2611,546,51,50,4.5,0,1
2612,196,21,26,4.5,0,1
2613,12,3,11,3.5,0,2
2614,535,42,55,4,0,2
2615,201,8,21,3.5,0,1
2616,368,23,33,4,0,1
2617,223,6,30,3.5,0,2
2618,379,48,45,5,0,0
2619,307,25,34,4,0,0
2620,149,20,26,4.5,0,0
2621,145,7,16,3,0,0
2622,14,9,9,3.5,0,0
2623,236,15,34,4,0,2
2624,245,8,32,3.5,0,2
2625,601,53,52,4.5,0,1
2626,295,22,39,4,0,2
2627,419,29,37,4,0,1
2628,210,5,18,3,0,1
2629,267,34,33,4.5,0,1
2630,539,79,69,5,0,2
2631,539,68,56,5,0,1
2632,156,15,22,4,0,1
2633,499,19,21,3,1,0
2634,119,18,22,4.5,0,1
2635,114,4,19,4,0,0
2636,179,15,23,4,0,1
2637,474,60,59,5,0,2
2638,328,17,32,3.5,0,0
2639,350,28,43,4,0,2
2640,370,35,46,4.5,0,2
2641,222,13,24,4,0,1
2642,565,37,45,4,0,1
2643,235,43,45,5,0,2
2644,206,14,26,4,0,0
2645,278,13,35,3.5,0,2
2646,420,23,35,3.5,0,1
2647,584,29,24,3.5,1,2
2648,181,9,21,4,0,1
2649,257,26,30,4.5,0,1
2650,304,32,34,4.5,0,1
2651,131,1,16,3.5,0,1
2652,235,28,39,4.5,0,2
2653,737,83,71,5,0,0
2654,469,53,56,4.5,0,2
2655,148,40,34,5,0,0
2656,439,49,48,4.5,0,0
2657,651,45,33,4,1,1
2658,383,23,42,4,0,2
2659,267,2,27,2.5,0,2
2660,374,19,31,3.5,0,1
2661,192,4,24,2.5,0,2
2662,467,16,19,3,1,0
2663,508,40,53,4,0,2
2664,484,42,29,4.5,1,0
2665,222,9,2,2.5,1,0
2666,259,19,12,4,1,0
2667,194,1,18,3,0,1
2668,395,25,34,4,0,1
2669,700,69,70,5,0,2
2670,143,10,23,4,0,0
2671,338,22,34,4,0,0
2672,3,1,2,2,0,2
2673,116,5,24,3.5,0,2
2674,235,15,34,4,0,2
2675,414,22,19,4,1,0
2676,478,28,41,4,0,0
2677,121,5,20,4,0,0
2678,563,51,35,4.5,1,0
2679,624,51,61,4.5,0,2
2680,135,5,21,4,0,0
2681,414,50,53,5,0,2
2682,180,2,25,3,0,2
2683,301,15,36,3.5,0,2
2684,506,64,62,5,0,2
2685,100,7,14,3,0,0
2686,618,69,59,5,0,1
2687,215,10,22,3.5,0,1
2688,258,18,36,4,0,2
2689,587,56,55,4.5,0,0
2690,418,24,17,4,1,2
2691,13,0,0,2,0,0
2692,266,9,25,2,0,2
2693,286,28,34,4.5,0,0
2694,352,54,44,5,0,1
2695,289,18,37,4,0,2
2696,377,44,41,4.5,0,1
2697,444,11,31,2.5,0,1
2698,307,14,27,3.5,0,1
2699,8,3,1,2,0,0
2700,311,34,17,4.5,1,1
2701,183,2,21,3.5,0,0
2702,272,46,41,5,0,0
2703,753,49,39,4,1,1
2704,645,29,27,3,1,2
2705,417,37,49,4.5,0,2
2706,577,41,55,4,0,2
2707,383,31,45,4,0,2
2708,445,46,53,4.5,0,2
2709,99,6,1,2,0,1
2710,133,17,25,4.5,0,0
2711,6,5,3,2,0,1
2712,284,28,32,4.5,0,1
2713,332,21,13,4,1,2
2714,316,14,36,3.5,0,2
2715,433,65,51,5,0,1
2716,219,5,29,3.5,0,2
2717,144,11,23,4,0,0
2718,62,6,10,3,0,1
2719,164,26,9,4.5,1,2
2720,201,12,25,4,0,0
2721,587,29,25,3.5,1,1
2722,310,35,38,4.5,0,0
2723,199,3,16,2.5,0,0
2724,322,27,41,4,0,2
2725,3,2,2,2,0,2
2726,113,15,23,4.5,0,0
2727,274,21,31,4,0,0
2728,663,59,57,4.5,0,1
2729,74,6,11,3.5,0,1
2730,250,35,36,4.5,0,0
2731,349,24,41,4,0,2
2732,91,4,7,2,0,0
2733,99,7,20,4,0,0
2734,376,24,42,4,0,2
2735,698,49,36,4,1,2
2736,192,16,33,4,0,2
2737,572,48,58,4.5,0,2
2738,198,5,19,2,0,2
2739,333,57,47,5,0,0
2740,404,11,12,3,1,1
2741,8,1,6,2,0,2
2742,192,0,4,2,0,1
2743,345,53,52,5,0,2
2744,511,48,47,4.5,0,1
2745,126,2,19,3.5,0,0
2746,18,1,3,2.5,0,0
2747,374,26,34,4,0,1
2748,382,49,52,5,0,2
2749,472,52,56,4.5,0,2
2750,307,11,11,3.5,1,0
2751,358,34,36,4.5,0,1
2752,437,41,45,4.5,0,0
2753,488,32,43,4,0,0
2754,463,57,58,5,0,2
2755,504,54,58,4.5,0,2
2756,460,41,51,4.5,0,2
2757,601,57,56,4.5,0,0
2758,28,6,18,3.5,0,2
2759,758,66,65,4.5,0,0
2760,444,31,38,4,0,1
2761,420,29,46,4,0,2
2762,531,26,25,3.5,1,0
2763,39,7,4,2,0,0
2764,114,12,22,4,0,0
2765,356,51,52,5,0,2
2766,475,33,49,4,0,2
2767,393,35,47,4.5,0,2
2768,283,35,34,4.5,0,1
2769,542,43,32,4.5,1,0
2770,89,6,2,4,1,0
2771,372,16,33,3.5,0,0
2772,4,3,3,3,0,2
2773,376,35,38,4.5,0,1
2774,565,37,45,4,0,1
2775,207,10,31,3.5,0,2
2776,537,46,47,4.5,0,1
2777,16,9,3,2.5,0,0
2778,350,45,49,4.5,0,2
2779,140,1,25,3.5,0,2
2780,431,9,38,2.5,0,2
2781,68,9,14,2.5,0,2
2782,362,2,24,2.5,0,1
2783,136,8,22,3,0,2
2784,548,30,27,3.5,1,0
2785,175,10,24,4,0,0
2786,206,7,23,2.5,0,2
2787,323,1,26,2.5,0,0
2788,418,32,38,4,0,1
2789,43,3,19,3.5,0,2
2790,350,25,33,4,0,1
2791,132,17,25,4.5,0,0
2792,341,41,38,4.5,0,1
2793,489,39,28,4.5,1,0
2794,469,34,40,4,0,1
2795,463,48,48,4.5,0,0
2796,634,56,57,4.5,0,0
2797,520,39,44,4,0,1
2798,638,67,59,5,0,1
2799,152,9,23,4,0,0
2800,688,53,37,4.5,1,2
2801,298,21,38,4,0,2
2802,228,0,19,2.5,0,0
2803,283,44,47,5,0,2
2804,281,61,44,5,0,1
2805,15,4,0,3,0,0
2806,168,16,26,4.5,0,0
2807,502,54,49,4.5,0,1
2808,365,37,47,4.5,0,2
2809,243,16,28,4,0,0
2810,611,75,61,5,0,1
2811,589,51,51,4.5,0,1
2812,45,1,4,2,0,0
2813,345,57,47,5,0,0
2814,269,19,36,4,0,2
2815,152,4,0,2,1,2
2816,210,33,31,4.5,0,1
2817,347,28,37,4.5,0,0
2818,261,1,21,2.5,0,0
2819,454,61,50,5,0,1
2820,551,42,28,4,1,2
2821,562,27,26,3.5,1,0
2822,157,35,33,5,0,0
2823,502,30,23,4,1,1
2824,11,9,10,4.5,0,1
2825,373,36,47,4.5,0,2
2826,481,45,48,4.5,0,0
2827,436,20,34,3.5,0,1
2828,254,3,21,3,0,1
2829,371,36,38,4.5,0,1
2830,587,48,50,4.5,0,1
2831,4,3,3,2.5,0,2
2832,408,44,42,4.5,0,1
2833,713,55,57,4.5,0,1
2834,362,49,51,5,0,2
2835,834,53,60,4,0,1
2836,406,48,52,4.5,0,2
2837,261,2,30,3,0,2
2838,574,47,52,4.5,0,0
2839,431,55,47,5,0,1
2840,92,23,26,4.5,0,0
2841,252,25,29,4.5,0,1
2842,322,23,40,4,0,2
2843,272,5,21,2.5,0,0
2844,404,10,11,3,1,2
2845,456,58,52,5,0,0
2846,458,46,45,4.5,0,1
2847,549,36,53,4,0,2
2848,488,62,60,5,0,2
2849,372,53,47,5,0,0
2850,346,39,47,4.5,0,2
2851,170,2,24,3,0,2
2852,16,1,3,2,0,0
2853,376,26,43,4,0,2
2854,165,7,19,3.5,0,0
2855,17,3,6,2.5,0,0
2856,318,19,32,4,0,0
2857,105,1,24,3.5,0,2
2858,185,5,17,2.5,0,0
2859,311,7,27,3,0,0
2860,210,12,26,4,0,0
2861,361,6,35,2.5,0,2
2862,310,30,42,4.5,0,2
2863,364,17,39,3.5,0,2
2864,567,41,46,4,0,1
2865,392,55,55,5,0,2
2866,256,3,19,2,0,2
2867,72,6,20,3.5,0,2
2868,226,19,35,4,0,2
2869,647,21,24,3,1,1
2870,514,38,52,4,0,2
2871,91,5,9,2.5,0,0
2872,635,51,35,4.5,1,2
2873,179,15,32,4,0,2
2874,264,0,17,2.5,0,1
2875,192,7,23,3.5,0,0
2876,696,35,31,3.5,1,1
2877,342,23,34,4,0,0
2878,392,44,41,4.5,0,1
2879,15,0,2,3,0,1
2880,112,13,20,4,0,1
2881,582,40,47,4,0,1
2882,721,66,64,4.5,0,0
2883,233,22,37,4,0,2
2884,580,35,30,4,1,0
2885,340,17,32,3.5,0,0
2886,118,39,39,5,0,2
2887,365,28,35,4,0,1
2888,178,7,15,2.5,0,0
2889,439,40,42,4.5,0,1
2890,274,3,18,2,0,0
2891,619,71,69,5,0,2
2892,349,18,39,3.5,0,2
2893,234,7,31,3.5,0,2
2894,117,1,19,2.5,0,2
2895,282,20,29,4,0,1
2896,196,15,26,4,0,0
2897,518,27,21,3.5,1,2
2898,336,26,35,4,0,0
2899,360,37,40,4.5,0,0
2900,525,48,47,4.5,0,1
2901,165,4,17,3.5,0,1
2902,332,34,44,4.5,0,2
2903,372,29,35,4,0,1
2904,244,22,31,4.5,0,0
2905,191,31,38,4.5,0,2
2906,372,13,29,3.5,0,1
2907,523,60,34,5,1,2
2908,242,11,26,3.5,0,0
2909,361,13,31,3.5,0,0
2910,337,5,7,3,1,1
2911,370,26,37,4,0,0
2912,496,59,36,5,1,0
2913,129,13,23,4,0,0
2914,157,4,18,3.5,0,1
2915,405,29,45,4,0,2
2916,761,50,39,4,1,1
2917,561,40,54,4,0,2
2918,26,2,15,3,0,2
2919,692,64,62,4.5,0,0
2920,196,14,26,4,0,0
2921,308,28,32,4.5,0,1
2922,587,60,54,4.5,0,1
2923,308,27,35,4.5,0,0
2924,436,27,18,4,1,2
2925,193,25,36,4.5,0,2
2926,272,19,30,4,0,0
2927,202,1,1,3.5,1,1
2928,250,5,22,3.5,0,1
2929,277,29,34,4.5,0,0
2930,446,35,40,4,0,1
2931,446,44,43,4.5,0,1
2932,37,3,13,2.5,0,2
2933,102,3,10,2.5,0,0
2934,87,4,7,2.5,0,1
2935,321,45,39,5,0,1
2936,408,29,36,4,0,1
2937,321,7,3,2.5,1,2
2938,480,41,43,4.5,0,1
2939,138,8,13,2.5,0,0
2940,4,3,3,3,0,1
2941,136,13,30,4,0,2
2942,389,48,46,5,0,0
2943,427,39,41,4.5,0,1
2944,310,3,26,3,0,0
2945,357,28,34,4,0,1
2946,313,43,47,5,0,2
2947,494,37,51,4,0,2
2948,514,44,46,4.5,0,1
2949,722,63,42,4.5,1,2
2950,74,1,9,3,0,1
2951,357,22,35,4,0,0
2952,332,8,26,3,0,1
2953,6,2,1,2,0,2
2954,387,18,31,3.5,0,1
2955,495,35,41,4,0,1
2956,321,3,24,2.5,0,0
2957,13,2,7,3.5,0,0
2958,216,28,32,4.5,0,0
2959,283,8,22,2.5,0,0
2960,170,1,25,3,0,2
2961,226,36,35,5,0,0
2962,167,7,9,2,0,1
2963,270,39,44,4.5,0,2
2964,678,37,58,3.5,0,2
2965,314,47,25,5,1,0
2966,382,38,39,4.5,0,1
2967,588,34,30,3.5,1,0
2968,184,4,19,3.5,0,1
2969,407,45,45,4.5,0,0
2970,424,24,35,3.5,0,1
2971,471,38,27,4.5,1,0
2972,287,17,30,4,0,0
2973,494,47,46,4.5,0,1
2974,460,56,51,5,0,0
2975,544,27,23,3.5,1,1
2976,106,11,28,4,0,2
2977,630,62,39,5,1,1
2978,275,35,34,4.5,0,1
2979,487,47,46,4.5,0,1
2980,415,28,45,4,0,2
2981,440,41,51,4.5,0,2
2982,234,26,38,4.5,0,2
2983,570,37,45,4,0,1
2984,7,6,6,3,0,2
2985,338,28,33,4,0,1
2986,303,12,35,3.5,0,2
2987,278,8,24,3.5,0,1
2988,269,15,29,4,0,0
2989,193,11,31,4,0,2
2990,676,62,44,4.5,1,0
2991,351,8,9,3,1,2
2992,288,17,36,4,0,2
2993,69,3,10,3,0,0
2994,6,3,5,3,0,0
2995,246,26,32,4.5,0,0
2996,744,62,43,4.5,1,1
2997,446,39,44,4.5,0,0
2998,503,40,44,4.5,0,1
2999,224,16,25,4,0,1
3000,226,9,25,3.5,0,0